Time,Competitor,Operation,OrderId,Instrument,Side,Volume,Price,Lifespan,Fee
0.0,,Insert,189804423,0,B,1000,148200,G,
0.0,,Insert,189804435,0,B,8000,148200,G,
0.0,,Insert,189804443,0,B,60,148200,G,
0.0,,Insert,189804483,0,A,2000,183000,G,
0.0,,Insert,189804491,0,B,2000,114300,G,
0.0,,Insert,189804515,0,B,1000,148000,G,
0.0,,Cancel,189804515,,,-1000,,,
0.0,,Cancel,189804491,,,-2000,,,
0.0,,Insert,189804963,0,B,2000,114200,G,
0.0,,Cancel,189804443,,,-60,,,
0.0,,Cancel,189804423,,,-1000,,,
0.0,,Cancel,189804435,,,-8000,,,
0.0,,Cancel,189804963,,,-2000,,,
0.0,,Insert,189805887,0,B,2000,114300,G,
0.0,,Cancel,189805887,,,-2000,,,
0.0,,Insert,189805899,0,B,2000,114200,G,
0.0,,Insert,189806087,0,A,1000,149900,G,
0.0,,Insert,189807815,0,A,1000,148400,G,
0.0,,Cancel,189807815,,,-1000,,,
0.0,,Insert,189808351,0,B,8000,148200,G,
0.0,,Cancel,189806087,,,-1000,,,
0.0,,Insert,189808383,0,A,8000,148600,G,
0.0,,Cancel,189805899,,,-2000,,,
0.0,,Insert,189808435,0,B,2000,114300,G,
0.0,,Insert,189808595,0,A,810,148400,G,
0.0,,Insert,189808599,0,A,940,148400,G,
0.0,,Cancel,189808351,,,-8000,,,
0.0,,Cancel,189808435,,,-2000,,,
0.0,,Insert,189808635,0,B,2000,114200,G,
0.0,,Insert,189808647,0,A,1000,148400,G,
0.0,,Insert,189808671,0,A,1000,148400,G,
0.0,,Cancel,189808595,,,-810,,,
0.0,,Insert,189809763,0,A,8000,148400,G,
0.0,,Cancel,189808599,,,-940,,,
0.0,,Insert,189810611,0,B,940,148200,G,
0.0,,Cancel,189809763,,,-8000,,,
0.0,,Insert,189810623,0,B,8000,148200,G,
0.0,,Cancel,189808671,,,-1000,,,
0.0,,Insert,189810675,0,A,1000,148500,G,
0.0,,Cancel,189808647,,,-1000,,,
0.0,,Insert,189810679,0,A,1000,148500,G,
0.0,,Insert,189810711,0,A,2000,149400,G,
0.0,,Cancel,189808635,,,-2000,,,
0.0,,Insert,189810727,0,B,2000,114300,G,
0.0,,Insert,189810807,0,A,8000,148500,G,
0.0,,Insert,189810811,0,A,8000,150000,G,
0.0,,Insert,189810819,0,A,8000,148400,G,
0.0,,Cancel,189810811,,,-8000,,,
0.0,,Cancel,189810807,,,-8000,,,
0.0,,Cancel,189810711,,,-2000,,,
0.0,,Cancel,189810623,,,-8000,,,
0.0,,Insert,189810843,0,A,1000,148400,G,
0.0,,Cancel,189810727,,,-2000,,,
0.0,,Insert,189810871,0,B,2000,114200,G,
0.0,,Cancel,189810843,,,-1000,,,
0.0,,Insert,189810919,0,A,2000,149500,G,
0.0,,Cancel,189810819,,,-8000,,,
0.0,,Insert,189811163,0,B,8000,148200,G,
0.0,,Insert,189811167,0,A,2000,149400,G,
0.0,,Insert,189811187,0,A,1000,148500,G,
0.0,,Cancel,189810871,,,-2000,,,
0.0,,Insert,189811215,0,B,2000,114300,G,
0.0,,Insert,189811371,0,A,8000,148500,G,
0.0,,Insert,189811375,0,A,8000,150000,G,
0.0,,Insert,189811387,0,A,8000,148400,G,
0.0,,Cancel,189811371,,,-8000,,,
0.0,,Cancel,189811375,,,-8000,,,
0.0,,Cancel,189811167,,,-2000,,,
0.0,,Cancel,189811163,,,-8000,,,
0.0,,Cancel,189811215,,,-2000,,,
0.0,,Insert,189811455,0,B,2000,114200,G,
0.0,,Insert,189811475,0,A,1000,148400,G,
0.0,,Insert,189811599,0,B,8000,148200,G,
0.0,,Cancel,189811475,,,-1000,,,
0.0,,Cancel,189811387,,,-8000,,,
0.0,,Cancel,189811455,,,-2000,,,
0.0,,Insert,189812431,0,B,2000,114300,G,
0.0,,Insert,189812435,0,A,2000,149400,G,
0.0,,Insert,189812439,0,A,1000,178200,G,
0.0,,Insert,189812515,0,A,310,148400,G,
0.0,,Insert,189812519,0,A,1000,148400,G,
0.0,,Cancel,189812431,,,-2000,,,
0.0,,Insert,189812527,0,B,2000,114200,G,
0.0,,Cancel,189812435,,,-2000,,,
0.0,,Insert,189812535,0,B,940,147800,G,
0.0,,Cancel,189810611,,,-940,,,
0.0,,Insert,189812539,0,A,940,148400,G,
0.0,,Insert,189812543,0,A,1000,148400,G,
0.0,,Insert,189812551,0,A,8000,148400,G,
0.0,,Insert,189812555,0,A,1000,148400,G,
0.0,,Insert,189812559,0,A,1000,148400,G,
0.0,,Cancel,189812555,,,-1000,,,
0.0,,Cancel,189812539,,,-940,,,
0.0,,Insert,189812567,0,B,940,148200,G,
0.0,,Insert,189812571,0,A,1000,149900,G,
0.0,,Cancel,189812519,,,-1000,,,
0.0,,Cancel,189812543,,,-1000,,,
0.0,,Cancel,189811599,,,-8000,,,
0.0,,Insert,189812691,0,A,1000,148400,G,
0.0,,Insert,189812695,0,A,1000,148400,G,
0.0,,Cancel,189812695,,,-1000,,,
0.006542,,Insert,5079526,1,A,95,149100,G,
0.167452,,Insert,7041936,1,A,10000,148900,G,
0.167452,,Insert,7041937,1,B,10000,147700,G,
0.204,TraderOne,Insert,1,1,A,10,149500,G,
0.335226,,Cancel,189812515,,,-310,,,
0.335429,,Cancel,7041936,,,-10000,,,
0.335429,,Cancel,7041937,,,-10000,,,
0.335429,,Insert,7041938,1,A,10000,148900,G,
0.335429,,Insert,7041939,1,B,10000,147700,G,
0.335491,,Cancel,189812691,,,-1000,,,
0.356996,,Insert,189813395,0,A,1000,149500,G,
0.361382,,Insert,189813459,0,B,8000,148200,G,
0.36148,,Cancel,189812551,,,-8000,,,
0.361528,,Cancel,189812559,,,-1000,,,
0.361563,,Insert,189813487,0,A,2000,149400,G,
0.361972,,Cancel,189812535,,,-940,,,
0.362213,,Cancel,189812527,,,-2000,,,
0.362213,,Insert,189813539,0,B,2000,114300,G,
0.362261,,Cancel,189813539,,,-2000,,,
0.362261,,Insert,189813551,0,B,2000,114200,G,
0.362558,,Cancel,189813551,,,-2000,,,
0.362558,,Insert,189813575,0,B,2000,114300,G,
0.365434,,Cancel,189813575,,,-2000,,,
0.365434,,Insert,189813631,0,B,2000,114200,G,
0.365967,,Insert,189813639,0,A,8000,150000,G,
0.365967,,Insert,189813643,0,A,8000,148500,G,
0.365987,,Insert,189813647,0,A,8000,148400,G,
0.366009,,Cancel,189813643,,,-8000,,,
0.366012,,Cancel,189813639,,,-8000,,,
0.366083,,Cancel,189813459,,,-8000,,,
0.366187,,Cancel,189813487,,,-2000,,,
0.366342,,Insert,189813663,0,A,1000,148400,G,
0.36641,,Insert,189813667,0,A,1000,148400,G,
0.369105,,Cancel,189813663,,,-1000,,,
0.405953,,Cancel,189813647,,,-8000,,,
0.406,,Cancel,189813667,,,-1000,,,
0.409262,,Insert,189813959,0,A,2000,149400,G,
0.409286,,Insert,189813963,0,B,1000,104000,G,
0.418784,,Insert,189814055,0,A,8000,148400,G,
0.424861,,Cancel,189811187,,,-1000,,,
0.424863,,Insert,189814127,0,A,8000,150000,G,
0.424863,,Cancel,189810675,,,-1000,,,
0.424882,,Cancel,189812567,,,-940,,,
0.424882,,Cancel,189813959,,,-2000,,,
0.424887,,Insert,189814135,0,A,820,148400,G,
0.424887,,Cancel,189812439,,,-1000,,,
0.4249,,Insert,189814139,0,A,1000,148400,G,
0.424925,,Insert,189814143,0,A,1000,178100,G,
0.424931,,Insert,189814147,0,A,1000,148400,G,
0.424983,,Insert,189814155,0,A,1000,148400,G,
0.425011,,Insert,189814159,0,A,1000,148400,G,
0.425187,,Insert,189814163,0,A,60,148400,G,
0.425191,,Insert,189814167,0,B,940,147800,G,
0.425194,,Insert,189814171,0,A,940,148400,G,
0.425218,,Insert,189814179,0,B,1000,148200,G,
0.425328,,Cancel,189814179,,,-1000,,,
0.425448,,Cancel,189804483,,,-2000,,,
0.425448,,Insert,189814243,0,A,2000,182900,G,
0.425541,,Insert,189814267,0,B,2000,147200,G,
0.425566,,Insert,189814275,0,A,1000,192600,G,
0.425751,,Cancel,189814171,,,-940,,,
0.425756,,Insert,189814307,0,B,940,148200,G,
0.425761,,Insert,189814311,0,B,2000,148200,G,
0.425783,,Insert,189814319,0,B,820,148200,G,
0.425787,,Insert,189814323,0,B,1000,148200,G,
0.426009,,Cancel,189814267,,,-2000,,,
0.426024,,Cancel,189814319,,,-820,,,
0.426192,,Cancel,189814307,,,-940,,,
0.426196,,Insert,189814391,0,A,940,148400,G,
0.427235,,Insert,189814479,0,A,1000,149000,G,
0.428471,,Cancel,189814311,,,-2000,,,
0.428496,,Cancel,189814323,,,-1000,,,
0.428749,,Insert,189814543,0,B,2000,147200,G,
0.428958,,Cancel,189813631,,,-2000,,,
0.428958,,Insert,189814567,0,B,2000,114100,G,
0.429202,,Cancel,189814163,,,-60,,,
0.429612,,Cancel,189810919,,,-2000,,,
0.433241,,Insert,189814811,0,A,2000,148500,G,
0.433509,,Insert,189814815,0,B,940,147700,G,
0.433521,,Insert,189814819,0,B,1000,148100,G,
0.433715,,Cancel,189814815,,,-940,,,
0.433836,,Cancel,189814567,,,-2000,,,
0.433836,,Insert,189814831,0,B,2000,114200,G,
0.439241,,Insert,189814935,0,A,1000,148400,G,
0.43939,,Cancel,189812571,,,-1000,,,
0.43951,,Insert,189815031,0,B,940,147700,G,
0.439557,,Cancel,189814819,,,-1000,,,
0.439572,,Insert,189815071,0,A,1000,148300,G,
0.439588,,Cancel,189814831,,,-2000,,,
0.439588,,Insert,189815075,0,B,2000,114100,G,
0.439592,,Insert,189815083,0,A,3000,148400,G,
0.439595,,Cancel,189814127,,,-8000,,,
0.439619,,Insert,189815095,0,A,1000,148300,G,
0.439945,,Cancel,189814243,,,-2000,,,
0.439945,,Insert,189815267,0,A,2000,182800,G,
0.439985,,Insert,189815295,0,B,2000,146800,G,
0.440009,,Insert,189815323,0,A,2000,148400,G,
0.440044,,Cancel,189814139,,,-1000,,,
0.440044,,Cancel,189814935,,,-1000,,,
0.440104,,Insert,189815415,0,A,820,148300,G,
0.440127,,Insert,189815427,0,A,8000,148300,G,
0.440308,,Cancel,189815415,,,-820,,,
0.440543,,Insert,189815859,0,B,8000,148100,G,
0.441066,,Cancel,189815095,,,-1000,,,
0.44113,,Insert,189816359,0,A,1000,148700,G,
0.441246,,Cancel,189816359,,,-1000,,,
0.441476,,Insert,189816503,0,A,1000,148300,G,
0.441542,,Cancel,189815267,,,-2000,,,
0.441542,,Insert,189816527,0,A,2000,182900,G,
0.44186,,Cancel,189816503,,,-1000,,,
0.442683,,Cancel,189815427,,,-8000,,,
0.449144,,Cancel,189815031,,,-940,,,
0.449167,,Cancel,189815075,,,-2000,,,
0.449167,,Insert,189816975,0,B,2000,114200,G,
0.4492,,Insert,189816983,0,B,1000,147800,G,
0.449257,,Insert,189816995,0,B,940,147700,G,
0.449273,,Cancel,189816975,,,-2000,,,
0.449273,,Insert,189817003,0,B,2000,114100,G,
0.449368,,Cancel,189816995,,,-940,,,
0.449492,,Cancel,189816983,,,-1000,,,
0.449518,,Cancel,189817003,,,-2000,,,
0.449518,,Insert,189817043,0,B,2000,114200,G,
0.449523,,Insert,189817047,0,B,940,147700,G,
0.449721,,Cancel,189817043,,,-2000,,,
0.449721,,Insert,189817067,0,B,2000,114100,G,
0.450743,,Cancel,189815071,,,-1000,,,
0.450762,,Cancel,189817047,,,-940,,,
0.450802,,Cancel,189817067,,,-2000,,,
0.450802,,Insert,189817191,0,B,2000,114200,G,
0.450905,,Insert,189817207,0,A,2000,149300,G,
0.452026,,Insert,189817279,0,A,8000,150000,G,
0.452038,,Insert,189817287,0,A,8000,148400,G,
0.452087,,Cancel,189815323,,,-2000,,,
0.452247,,Insert,189817299,0,B,1000,148100,G,
0.452328,,Insert,189817311,0,B,940,147700,G,
0.452366,,Cancel,189817191,,,-2000,,,
0.452366,,Insert,189817315,0,B,2000,114100,G,
0.460536,,Cancel,189817287,,,-8000,,,
0.460567,,Insert,189817463,0,A,2000,148400,G,
0.463085,,Insert,5079527,1,B,52,150900,G,
0.463228,,Insert,189817483,0,A,8000,148400,G,
0.463256,,Cancel,189817299,,,-1000,,,
0.466459,,Insert,5079528,1,B,20,148700,G,
0.47166,,Cancel,189814147,,,-1000,,,
0.479815,,Insert,189817623,0,A,1000,148400,G,
0.485281,,Insert,189817935,0,A,1000,148700,G,
0.486268,,Cancel,189817935,,,-1000,,,
0.510813,,Cancel,7041938,,,-9948,,,
0.510813,,Cancel,7041939,,,-10000,,,
0.510813,,Insert,7041940,1,A,10000,148800,G,
0.510813,,Insert,7041941,1,B,10000,147600,G,
0.512374,,Insert,189818383,0,B,1000,148100,G,
0.516381,,Insert,189818715,0,A,1000,148700,G,
0.528038,,Insert,189818903,0,B,1000,146700,G,
0.532622,,Cancel,189817311,,,-940,,,
0.532705,,Cancel,189817315,,,-2000,,,
0.532705,,Insert,189819039,0,B,2000,114200,G,
0.532811,,Cancel,189818715,,,-1000,,,
0.535944,,Cancel,189817483,,,-8000,,,
0.543404,,Cancel,189815295,,,-2000,,,
0.543404,,Insert,189819907,0,B,2000,147800,G,
0.549806,,Cancel,189818383,,,-1000,,,
0.563,TraderOne,Cancel,1,,,-10,,,
0.563,TraderOne,Insert,2,1,B,10,147200,G,
0.563,TraderOne,Insert,3,1,A,10,149000,G,
0.566556,,Insert,189820219,0,A,1000,148700,G,
0.570655,,Cancel,189820219,,,-1000,,,
0.600261,,Cancel,189817279,,,-8000,,,
0.600265,,Cancel,189815083,,,-3000,,,
0.60036,,Insert,189820607,0,B,1000,148200,G,
0.600395,,Insert,189820631,0,B,3000,148000,G,
0.600397,,Cancel,189814543,,,-2000,,,
0.600506,,Insert,189820659,0,B,2000,147900,G,
0.600515,,Insert,189820663,0,A,1000,148400,G,
0.600544,,Cancel,189820663,,,-1000,,,
0.600553,,Insert,189820687,0,B,830,148200,G,
0.600647,,Cancel,189816527,,,-2000,,,
0.600647,,Insert,189820723,0,A,2000,183000,G,
0.600654,,Cancel,189814135,,,-820,,,
0.600691,,Cancel,189814159,,,-1000,,,
0.600731,,Cancel,189820723,,,-2000,,,
0.600731,,Insert,189820739,0,A,2000,182900,G,
0.600868,,Insert,189820759,0,B,1000,148200,G,
0.600938,,Insert,189820771,0,A,940,149000,G,
0.601046,,Cancel,189814391,,,-940,,,
0.60105,,Cancel,189820739,,,-2000,,,
0.60105,,Insert,189820791,0,A,2000,183000,G,
0.601052,,Insert,189820795,0,B,940,148200,G,
0.601363,,Insert,189820851,0,B,8000,148200,G,
0.601514,,Insert,189820859,0,B,1000,147900,G,
0.601798,,Cancel,189819039,,,-2000,,,
0.601798,,Insert,189820899,0,B,2000,114300,G,
0.601825,,Cancel,189820859,,,-1000,,,
0.601854,,Cancel,189820899,,,-2000,,,
0.601854,,Insert,189820903,0,B,2000,114200,G,
0.602462,,Insert,189820983,0,B,1000,148200,G,
0.60363,,Cancel,189814167,,,-940,,,
0.603733,,Insert,189821079,0,B,940,147800,G,
0.603829,,Cancel,189820903,,,-2000,,,
0.603829,,Insert,189821091,0,B,2000,114300,G,
0.603912,,Cancel,189821091,,,-2000,,,
0.603912,,Insert,189821099,0,B,2000,114200,G,
0.604166,,Cancel,189821079,,,-940,,,
0.604264,,Cancel,189814155,,,-1000,,,
0.604294,,Cancel,189821099,,,-2000,,,
0.604294,,Insert,189821135,0,B,2000,114300,G,
0.60451,,Cancel,189820983,,,-1000,,,
0.607892,,Cancel,189810679,,,-1000,,,
0.607923,,Cancel,189821135,,,-2000,,,
0.607923,,Insert,189821207,0,B,2000,114200,G,
0.608419,,Insert,189821219,0,B,940,147800,G,
0.608442,,Cancel,189814811,,,-2000,,,
0.608452,,Cancel,189817623,,,-1000,,,
0.608452,,Cancel,189817463,,,-2000,,,
0.608458,,Cancel,189814055,,,-8000,,,
0.608493,,Insert,189821243,0,A,2000,148500,G,
0.608633,,Insert,189821279,0,A,2000,149400,G,
0.608704,,Insert,189821351,0,B,1000,148300,G,
0.608735,,Cancel,189821219,,,-940,,,
0.608737,,Insert,189821375,0,B,940,148300,G,
0.608739,,Insert,189821383,0,B,3000,148100,G,
0.60875,,Cancel,189820631,,,-3000,,,
0.608772,,Cancel,189821207,,,-2000,,,
0.608772,,Insert,189821395,0,B,2000,114300,G,
0.608824,,Insert,189821419,0,B,1000,148000,G,
0.608887,,Insert,189821455,0,B,2000,148000,G,
0.609037,,Cancel,189821455,,,-2000,,,
0.609092,,Insert,189821527,0,B,1000,148300,G,
0.60912,,Cancel,189821419,,,-1000,,,
0.609249,,Insert,189821579,0,A,940,149100,G,
0.609283,,Insert,189821603,0,B,2000,148000,G,
0.60937,,Insert,189821635,0,B,830,148300,G,
0.609376,,Cancel,189820791,,,-2000,,,
0.609376,,Insert,189821643,0,A,2000,183100,G,
0.609881,,Cancel,189814479,,,-1000,,,
0.609916,,Cancel,189821395,,,-2000,,,
0.609916,,Insert,189821847,0,B,2000,114400,G,
0.610096,,Insert,189821871,0,B,940,147900,G,
0.610146,,Cancel,189821847,,,-2000,,,
0.610146,,Insert,189821891,0,B,2000,114300,G,
0.610463,,Cancel,189821643,,,-2000,,,
0.610463,,Insert,189821943,0,A,2000,183000,G,
0.61182,,Insert,189822027,0,A,1000,153500,G,
0.613612,,Cancel,189821527,,,-1000,,,
0.622384,,Cancel,189821635,,,-830,,,
0.623877,,Cancel,189820759,,,-1000,,,
0.623883,,Insert,189822259,0,A,1000,149000,G,
0.640765,,Cancel,189821375,,,-940,,,
0.64077,,Insert,189822491,0,A,940,148500,G,
0.641004,,Cancel,189821603,,,-2000,,,
0.641037,,Cancel,189821351,,,-1000,,,
0.641067,,Insert,189822519,0,A,1000,148500,G,
0.64107,,Insert,189822523,0,A,8000,148400,G,
0.641109,,Insert,189822527,0,A,3000,148600,G,
0.641122,,Cancel,189821279,,,-2000,,,
0.641124,,Insert,189822531,0,B,2000,147300,G,
0.644134,,Insert,189822579,0,B,940,147800,G,
0.644143,,Insert,189822587,0,B,1000,148200,G,
0.644264,,Cancel,189821891,,,-2000,,,
0.644264,,Insert,189822591,0,B,2000,114200,G,
0.649385,,Cancel,189822523,,,-8000,,,
0.649408,,Cancel,189822527,,,-3000,,,
0.649456,,Cancel,189822491,,,-940,,,
0.649462,,Insert,189822871,0,B,940,148300,G,
0.649462,,Cancel,189822579,,,-940,,,
0.649491,,Insert,189822879,0,B,830,148300,G,
0.649493,,Cancel,189822531,,,-2000,,,
0.649494,,Insert,189822883,0,A,2000,149400,G,
0.649568,,Cancel,189822871,,,-940,,,
0.649572,,Insert,189822899,0,A,940,148500,G,
0.649583,,Cancel,189822591,,,-2000,,,
0.649583,,Insert,189822911,0,B,2000,114300,G,
0.649595,,Insert,189822923,0,B,1000,148300,G,
0.649595,,Insert,189822927,0,B,2000,148000,G,
0.649615,,Cancel,189822923,,,-1000,,,
0.649661,,Cancel,189822911,,,-2000,,,
0.649661,,Insert,189822951,0,B,2000,114200,G,
0.649715,,Cancel,189822951,,,-2000,,,
0.649715,,Insert,189822979,0,B,2000,114300,G,
0.649722,,Insert,189822987,0,B,1000,148300,G,
0.649765,,Cancel,189822899,,,-940,,,
0.64977,,Insert,189823011,0,B,940,148300,G,
0.649776,,Insert,189823015,0,B,60,148300,G,
0.649784,,Insert,189823023,0,B,1000,148300,G,
0.649974,,Cancel,189818903,,,-1000,,,
0.650099,,Insert,189823207,0,B,2000,147900,G,
0.65015,,Insert,189823251,0,B,8000,148300,G,
0.650155,,Insert,189823255,0,B,1000,148000,G,
0.650332,,Insert,189823379,0,B,320,148300,G,
0.650346,,Insert,189823387,0,B,1000,148300,G,
0.650516,,Cancel,189823387,,,-1000,,,
0.650516,,Insert,189823439,0,B,1000,148400,G,
0.650536,,Cancel,189821943,,,-2000,,,
0.650536,,Insert,189823447,0,A,2000,183100,G,
0.650541,,Cancel,189821871,,,-940,,,
0.650563,,Insert,189823475,0,B,3000,148200,G,
0.650563,,Cancel,189821383,,,-3000,,,
0.650577,,Insert,189823491,0,B,1000,148300,G,
0.650635,,Cancel,189822979,,,-2000,,,
0.650635,,Insert,189823523,0,B,2000,114400,G,
0.650675,,Cancel,189823255,,,-1000,,,
0.650775,,Cancel,189823379,,,-320,,,
0.651042,,Cancel,189823015,,,-60,,,
0.651395,,Cancel,189823439,,,-1000,,,
0.651607,,Insert,189824051,0,B,2000,147400,G,
0.651755,,Insert,189824091,0,B,940,147900,G,
0.651808,,Cancel,189823491,,,-1000,,,
0.651862,,Cancel,189823523,,,-2000,,,
0.651862,,Insert,189824123,0,B,2000,114300,G,
0.656798,,Insert,5079529,1,A,6,147600,G,
0.671642,,Insert,189824727,0,A,8000,148500,G,
0.672881,,Cancel,189821243,,,-2000,,,
0.672881,,Cancel,189822519,,,-1000,,,
0.672915,,Insert,189824803,0,A,1000,148600,G,
0.673146,,Cancel,189824091,,,-940,,,
0.6732,,Cancel,189824123,,,-2000,,,
0.6732,,Insert,189824883,0,B,2000,114400,G,
0.673261,,Insert,189824891,0,B,940,147900,G,
0.673306,,Cancel,189824883,,,-2000,,,
0.673306,,Insert,189824899,0,B,2000,114300,G,
0.673337,,Insert,189824907,0,B,2000,148100,G,
0.673376,,Cancel,189824891,,,-940,,,
0.673549,,Cancel,189824899,,,-2000,,,
0.673549,,Insert,189825007,0,B,2000,114400,G,
0.673799,,Insert,189825155,0,B,940,148400,G,
0.673817,,Insert,189825167,0,B,1000,148400,G,
0.673833,,Cancel,189824727,,,-8000,,,
0.673859,,Insert,189825187,0,B,830,148400,G,
0.6739,,Cancel,189825155,,,-940,,,
0.673904,,Insert,189825227,0,A,940,148600,G,
0.673904,,Cancel,189824051,,,-2000,,,
0.673979,,Cancel,189825187,,,-830,,,
0.674413,,Cancel,189825227,,,-940,,,
0.674529,,Insert,189825759,0,A,940,148600,G,
0.674572,,Insert,189825807,0,A,8000,148500,G,
0.674753,,Cancel,189825167,,,-1000,,,
0.674851,,Cancel,189824907,,,-2000,,,
0.674856,,Insert,189826023,0,B,2000,147400,G,
0.675442,,Insert,189826187,0,B,940,147900,G,
0.675586,,Cancel,189825007,,,-2000,,,
0.675586,,Insert,189826255,0,B,2000,114300,G,
0.67611,,Insert,189826335,0,B,1000,147800,G,
0.676151,,Cancel,189823447,,,-2000,,,
0.676151,,Insert,189826343,0,A,2000,183000,G,
0.67861,,Insert,189826503,0,B,1000,148100,G,
0.684342,,Cancel,189826503,,,-1000,,,
0.687247,,Insert,189826735,0,B,1000,148000,G,
0.687581,,Cancel,189826735,,,-1000,,,
0.695317,,Insert,189827167,0,B,60,148300,G,
0.69532,,Insert,189827171,0,A,1000,148600,G,
0.695325,,Insert,189827175,0,B,1000,148400,G,
0.695328,,Insert,189827179,0,B,1000,148300,G,
0.695339,,Cancel,189827179,,,-1000,,,
0.695339,,Insert,189827183,0,B,1000,148400,G,
0.695356,,Cancel,189826023,,,-2000,,,
0.695358,,Insert,189827187,0,B,2000,148100,G,
0.695358,,Cancel,189827175,,,-1000,,,
0.695366,,Cancel,189825807,,,-8000,,,
0.695382,,Cancel,189826187,,,-940,,,
0.695391,,Cancel,189827183,,,-1000,,,
0.695391,,Insert,189827195,0,B,840,148400,G,
0.695402,,Cancel,189826255,,,-2000,,,
0.695402,,Insert,189827199,0,B,2000,114400,G,
0.695467,,Cancel,189827199,,,-2000,,,
0.695467,,Insert,189827211,0,B,2000,114300,G,
0.695514,,Cancel,189826343,,,-2000,,,
0.695514,,Insert,189827219,0,A,2000,183100,G,
0.695543,,Cancel,189823023,,,-1000,,,
0.695553,,Cancel,189827211,,,-2000,,,
0.695553,,Insert,189827223,0,B,2000,114400,G,
0.695989,,Insert,189827247,0,A,1630,148500,G,
0.696014,,Cancel,189827195,,,-840,,,
0.696048,,Insert,189827259,0,A,8000,148500,G,
0.696083,,Insert,189827263,0,A,1000,148500,G,
0.696148,,Insert,189827271,0,B,2000,147400,G,
0.696731,,Cancel,189827263,,,-1000,,,
0.698476,,Cancel,189827223,,,-2000,,,
0.698476,,Insert,189827363,0,B,2000,114300,G,
0.698995,,Cancel,189827167,,,-60,,,
0.698996,,Cancel,189827187,,,-2000,,,
0.699004,,Insert,189827423,0,B,1000,148300,G,
0.699091,,Insert,189827435,0,B,940,147900,G,
0.6991,,Insert,189827443,0,A,1000,148500,G,
0.69915,,Insert,189827451,0,A,1000,148500,G,
0.699456,,Insert,189827511,0,A,1000,148500,G,
0.699569,,Cancel,189827423,,,-1000,,,
0.699752,,Cancel,189827219,,,-2000,,,
0.699752,,Insert,189827559,0,A,2000,183000,G,
0.700017,,Cancel,189827247,,,-1630,,,
0.702083,,Cancel,189827443,,,-1000,,,
0.702108,,Cancel,189827511,,,-1000,,,
0.702275,,Cancel,189827559,,,-2000,,,
0.702275,,Insert,189827679,0,A,2000,183100,G,
0.703087,,Insert,189827711,0,A,1000,148500,G,
0.704239,,Cancel,189827711,,,-1000,,,
0.71527,,Cancel,189826335,,,-1000,,,
0.715298,,Insert,189827919,0,A,2000,149500,G,
0.719,TraderOne,Cancel,2,,,-10,,,
0.719,TraderOne,Cancel,3,,,-10,,,
0.719,TraderOne,Insert,4,1,B,10,148000,G,
0.719,TraderOne,Insert,5,1,A,10,149100,G,
0.73034,,Insert,189828111,0,A,1000,148600,G,
0.744825,,Cancel,189823011,,,-940,,,
0.744829,,Insert,189828327,0,A,940,148500,G,
0.744883,,Insert,189828343,0,A,1000,148500,G,
0.744913,,Insert,189828351,0,A,1000,148500,G,
0.762437,,Insert,189828519,0,B,1000,147800,G,
0.762462,,Cancel,189828351,,,-1000,,,
0.762498,,Cancel,189828343,,,-1000,,,
0.76254,,Insert,189828523,0,B,1000,146800,G,
0.768718,,Cancel,189822587,,,-1000,,,
0.770699,,Cancel,189828327,,,-940,,,
0.770703,,Insert,189828659,0,B,940,148300,G,
0.770754,,Insert,189828663,0,B,1000,148300,G,
0.770758,,Cancel,189827451,,,-1000,,,
0.771223,,Cancel,189828523,,,-1000,,,
0.771231,,Cancel,189827435,,,-940,,,
0.771238,,Insert,189828807,0,B,2000,148100,G,
0.771384,,Cancel,189827363,,,-2000,,,
0.771384,,Insert,189828843,0,B,2000,114400,G,
0.771477,,Cancel,189828807,,,-2000,,,
0.771638,,Insert,189828907,0,B,940,147900,G,
0.771811,,Cancel,189828843,,,-2000,,,
0.771811,,Insert,189828935,0,B,2000,114300,G,
0.78498,,Cancel,189828907,,,-940,,,
0.785016,,Insert,189829179,0,B,2000,148100,G,
0.785062,,Cancel,189827259,,,-8000,,,
0.785163,,Insert,189829223,0,B,2000,148400,G,
0.785178,,Cancel,189828935,,,-2000,,,
0.785178,,Insert,189829231,0,B,2000,114400,G,
0.785198,,Insert,189829235,0,B,1000,148400,G,
0.785209,,Insert,189829243,0,B,850,148400,G,
0.785255,,Cancel,189827271,,,-2000,,,
0.785461,,Insert,189829327,0,B,1000,148100,G,
0.785566,,Cancel,189829243,,,-850,,,
0.789012,,Insert,189829647,0,B,1000,148400,G,
0.794371,,Cancel,189829223,,,-2000,,,
0.822794,,Cancel,7041940,,,-10000,,,
0.822794,,Cancel,7041941,,,-10000,,,
0.822794,,Insert,7041942,1,A,10000,149100,G,
0.822794,,Insert,7041943,1,B,10000,147900,G,
0.827995,,Insert,189830063,0,B,1000,146900,G,
0.830345,,Insert,189830111,0,A,8000,148500,G,
0.830377,,Cancel,189830063,,,-1000,,,
0.83038,,Cancel,189829235,,,-1000,,,
0.830433,,Cancel,189829179,,,-2000,,,
0.830754,,Cancel,189828659,,,-940,,,
0.830817,,Cancel,189829327,,,-1000,,,
0.830861,,Insert,189830267,0,A,940,148500,G,
0.830956,,Cancel,189830267,,,-940,,,
0.830961,,Insert,189830287,0,B,940,148300,G,
0.831054,,Cancel,189828519,,,-1000,,,
0.831459,,Insert,3830866,0,A,1000,148400,F,
0.831474,,Insert,189830403,0,A,7000,149400,G,
0.831474,,Cancel,189830287,,,-940,,,
0.831483,,Insert,189830407,0,A,240,148500,G,
0.831497,,Insert,189830419,0,A,1000,148500,G,
0.831504,,Cancel,189828663,,,-1000,,,
0.831512,,Insert,189830423,0,A,1000,148500,G,
0.831535,,Insert,189830431,0,A,1000,148500,G,
0.831553,,Cancel,189829231,,,-2000,,,
0.831553,,Insert,189830447,0,B,2000,114300,G,
0.831553,,Insert,189830451,0,B,2000,147400,G,
0.831589,,Insert,189830475,0,B,940,147900,G,
0.831593,,Insert,189830479,0,A,940,148500,G,
0.831649,,Insert,189830487,0,B,1000,148300,G,
0.831939,,Cancel,189830487,,,-1000,,,
0.832134,,Cancel,189827679,,,-2000,,,
0.832134,,Insert,189830579,0,A,2000,183000,G,
0.832874,,Insert,189830663,0,A,1000,148500,G,
0.835524,,Cancel,189830407,,,-240,,,
0.839681,,Insert,189830847,0,A,2000,148600,G,
0.839685,,Cancel,189824803,,,-1000,,,
0.839688,,Cancel,189827171,,,-1000,,,
0.839688,,Cancel,189828111,,,-1000,,,
0.83972,,Insert,189830863,0,A,1000,148500,G,
0.83985,,Cancel,189822879,,,-830,,,
0.84187,,Insert,189830955,0,A,850,148500,G,
0.842497,,Cancel,189822987,,,-1000,,,
0.842525,,Cancel,189823251,,,-8000,,,
0.842556,,Insert,189831007,0,B,2000,147300,G,
0.845471,,Cancel,189823475,,,-3000,,,
0.84593,,Cancel,189822927,,,-2000,,,
0.845963,,Insert,189831135,0,B,1000,148200,G,
0.845967,,Insert,189831143,0,B,1000,147900,G,
0.846067,,Insert,189831163,0,B,940,147800,G,
0.846129,,Cancel,189830447,,,-2000,,,
0.846129,,Insert,189831171,0,B,2000,114200,G,
0.847192,,Cancel,189830423,,,-1000,,,
0.847216,,Cancel,189814143,,,-1000,,,
0.847216,,Cancel,189814275,,,-1000,,,
0.850152,,Insert,189831279,0,B,2000,147000,G,
0.850177,,Insert,189831283,0,A,1000,178200,G,
0.850202,,Insert,189831287,0,A,1000,192700,G,
0.860916,,Insert,189831351,0,A,1000,148500,G,
0.877623,,Cancel,189831163,,,-940,,,
0.877629,,Insert,189831599,0,A,1000,148500,G,
0.87763,,Insert,189831603,0,B,2000,148000,G,
0.877827,,Cancel,189831171,,,-2000,,,
0.877827,,Insert,189831611,0,B,2000,114300,G,
0.906439,,Cancel,189831603,,,-2000,,,
0.906508,,Insert,189831991,0,B,940,147800,G,
0.906641,,Cancel,189831611,,,-2000,,,
0.906641,,Insert,189832011,0,B,2000,114200,G,
0.948033,,Insert,189832571,0,B,1000,146800,G,
0.969,TraderOne,Cancel,4,,,-10,,,
0.969,TraderOne,Insert,6,1,B,10,147900,G,
0.975015,,Cancel,189831991,,,-940,,,
0.975027,,Insert,189833011,0,B,2000,148000,G,
0.975144,,Cancel,189832011,,,-2000,,,
0.975144,,Insert,189833015,0,B,2000,114300,G,
0.978028,,Insert,189833095,0,A,1000,149900,G,
1.001741,,Cancel,189831135,,,-1000,,,
1.007621,,Cancel,189830955,,,-850,,,
1.007675,,Insert,189833487,0,B,8000,148300,G,
1.0077,,Cancel,189831287,,,-1000,,,
1.007713,,Insert,189833499,0,B,3000,148100,G,
1.00774,,Insert,189833519,0,A,1000,192800,G,
1.00774,,Cancel,189831007,,,-2000,,,
1.007769,,Cancel,189833499,,,-3000,,,
1.00777,,Insert,189833531,0,B,3000,148200,G,
1.007919,,Cancel,189833531,,,-3000,,,
1.007934,,Insert,189833551,0,B,1000,148300,G,
1.007947,,Insert,189833555,0,B,1000,148300,G,
1.007947,,Insert,189833559,0,A,850,148500,G,
1.008019,,Cancel,189833559,,,-850,,,
1.008107,,Insert,189833619,0,B,1000,148100,G,
1.00819,,Cancel,189830479,,,-940,,,
1.008202,,Insert,189833635,0,B,940,148300,G,
1.008229,,Insert,189833643,0,B,850,148300,G,
1.008367,,Cancel,189830419,,,-1000,,,
1.008424,,Cancel,189833619,,,-1000,,,
1.008472,,Cancel,189833095,,,-1000,,,
1.008531,,Insert,189833863,0,B,1000,148000,G,
1.008676,,Cancel,189830579,,,-2000,,,
1.008676,,Insert,189833895,0,A,2000,183100,G,
1.008708,,Cancel,189830475,,,-940,,,
1.008725,,Cancel,189830431,,,-1000,,,
1.008808,,Cancel,189830663,,,-1000,,,
1.008836,,Cancel,189833863,,,-1000,,,
1.008853,,Cancel,189833015,,,-2000,,,
1.008853,,Insert,189833991,0,B,2000,114400,G,
1.008914,,Insert,189834031,0,B,1000,148000,G,
1.008928,,Insert,189834039,0,B,940,147900,G,
1.009008,,Cancel,189833991,,,-2000,,,
1.009008,,Insert,189834083,0,B,2000,114300,G,
1.009059,,Cancel,189830403,,,-7000,,,
1.009116,,Cancel,189834039,,,-940,,,
1.009152,,Cancel,189834083,,,-2000,,,
1.009152,,Insert,189834139,0,B,2000,114400,G,
1.009225,,Insert,189834159,0,B,940,147900,G,
1.009229,,Cancel,189834139,,,-2000,,,
1.009229,,Insert,189834167,0,B,2000,114300,G,
1.009249,,Cancel,189834031,,,-1000,,,
1.009298,,Cancel,189834167,,,-2000,,,
1.009298,,Insert,189834195,0,B,2000,114400,G,
1.009394,,Cancel,189834195,,,-2000,,,
1.009394,,Insert,189834235,0,B,2000,114300,G,
1.009668,,Cancel,189834159,,,-940,,,
1.009808,,Insert,189834331,0,B,940,147900,G,
1.009871,,Cancel,189834235,,,-2000,,,
1.009871,,Insert,189834343,0,B,2000,114400,G,
1.009964,,Cancel,189834343,,,-2000,,,
1.009964,,Insert,189834363,0,B,2000,114300,G,
1.011411,,Cancel,189834331,,,-940,,,
1.011531,,Cancel,189834363,,,-2000,,,
1.011531,,Insert,189834767,0,B,2000,114400,G,
1.011543,,Insert,189834771,0,B,2000,148100,G,
1.011685,,Insert,189834823,0,B,940,147900,G,
1.011878,,Cancel,189834767,,,-2000,,,
1.011878,,Insert,189834911,0,B,2000,114300,G,
1.012286,,Insert,189835215,0,B,1000,147800,G,
1.012999,,Insert,189835427,0,B,1000,148300,G,
1.016413,,Cancel,189834823,,,-940,,,
1.016456,,Cancel,189830847,,,-2000,,,
1.016515,,Cancel,189825759,,,-940,,,
1.016526,,Insert,189835863,0,B,940,148400,G,
1.016558,,Insert,189835887,0,B,860,148400,G,
1.016562,,Insert,189835895,0,B,3000,148200,G,
1.016565,,Insert,189835899,0,B,1000,148400,G,
1.01661,,Cancel,189834911,,,-2000,,,
1.01661,,Insert,189835923,0,B,2000,114400,G,
1.01661,,Cancel,189830451,,,-2000,,,
1.016662,,Cancel,189830863,,,-1000,,,
1.016662,,Cancel,189831351,,,-1000,,,
1.016662,,Cancel,189831599,,,-1000,,,
1.016679,,Cancel,189830111,,,-8000,,,
1.016699,,Insert,189835967,0,A,1000,148600,G,
1.016726,,Insert,189835975,0,B,8000,148400,G,
1.016804,,Insert,189836015,0,B,1000,148100,G,
1.017058,,Insert,189836075,0,B,1000,148400,G,
1.017087,,Cancel,189832571,,,-1000,,,
1.017155,,Insert,189836115,0,B,1000,148100,G,
1.017583,,Insert,189836319,0,B,1000,148400,G,
1.019,,Cancel,189831279,,,-2000,,,
1.019159,,Insert,189836959,0,A,1000,149800,G,
1.01945,,Cancel,189808383,,,-8000,,,
1.019472,,Insert,3831007,0,B,1000,148500,F,
1.019472,,Cancel,3831007,,,-1000,,,
1.0195,,Insert,189837107,0,B,240,148400,G,
1.019589,,Insert,189837215,0,A,8000,148700,G,
1.019673,,Insert,189837375,0,A,2000,149500,G,
1.019809,,Insert,189837531,0,B,300,148400,G,
1.019823,,Insert,189837551,0,B,1000,148400,G,
1.019834,,Insert,189837559,0,B,2000,148400,G,
1.019834,,Insert,189837563,0,B,2000,148400,G,
1.019845,,Insert,189837575,0,B,2000,148500,G,
1.019866,,Insert,189837591,0,B,90,148400,G,
1.019875,,Cancel,189837551,,,-1000,,,
1.019875,,Insert,189837619,0,B,1000,148500,G,
1.019875,,Cancel,189837559,,,-2000,,,
1.019875,,Insert,189837623,0,B,2000,148500,G,
1.019888,,Cancel,189837563,,,-2000,,,
1.019888,,Insert,189837627,0,B,2000,148500,G,
1.019898,,Cancel,189837575,,,-2000,,,
1.019905,,Insert,189837655,0,B,3000,148300,G,
1.019925,,Cancel,189837623,,,-2000,,,
1.019925,,Insert,189837687,0,A,940,149200,G,
1.01994,,Cancel,189835895,,,-3000,,,
1.020003,,Insert,189837767,0,B,860,148500,G,
1.020003,,Cancel,189835923,,,-2000,,,
1.020003,,Insert,189837771,0,B,2000,114500,G,
1.020039,,Insert,189837831,0,B,940,148500,G,
1.020054,,Cancel,189833895,,,-2000,,,
1.020054,,Insert,189837867,0,A,2000,183200,G,
1.02006,,Insert,189837875,0,B,1000,148500,G,
1.020247,,Insert,189838075,0,B,2000,148200,G,
1.020247,,Insert,189838079,0,B,8000,148500,G,
1.020282,,Cancel,189837591,,,-90,,,
1.020282,,Insert,189838135,0,B,90,148500,G,
1.020351,,Insert,189838199,0,A,1000,149600,G,
1.020725,,Insert,189838579,0,B,1000,148500,G,
1.021018,,Cancel,189837627,,,-2000,,,
1.022134,,Cancel,189838579,,,-1000,,,
1.022174,,Insert,189839939,0,B,1000,148200,G,
1.022331,,Insert,189840075,0,B,1000,147900,G,
1.023541,,Cancel,189837107,,,-240,,,
1.023822,,Cancel,189837531,,,-300,,,
1.023891,,Cancel,189837875,,,-1000,,,
1.023922,,Cancel,189838079,,,-8000,,,
1.023992,,Cancel,189838135,,,-90,,,
1.024763,,Cancel,189835967,,,-1000,,,
1.024835,,Insert,189841403,0,B,8000,148500,G,
1.024889,,Insert,189841431,0,A,2000,149600,G,
1.025076,,Insert,189841511,0,B,1000,148500,G,
1.02512,,Cancel,189837867,,,-2000,,,
1.02512,,Insert,189841519,0,A,2000,183300,G,
1.025615,,Insert,189841747,0,B,940,148100,G,
1.025725,,Cancel,189837771,,,-2000,,,
1.025725,,Insert,189841787,0,B,2000,114600,G,
1.025776,,Cancel,189841787,,,-2000,,,
1.025776,,Insert,189841803,0,B,2000,114500,G,
1.025857,,Insert,189841835,0,A,940,149300,G,
1.027413,,Cancel,189841403,,,-8000,,,
1.027548,,Insert,189842303,0,B,8000,148500,G,
1.027813,,Insert,189842399,0,B,1000,148500,G,
1.028354,,Cancel,189837215,,,-8000,,,
1.028406,,Insert,189842651,0,B,1000,148600,G,
1.028433,,Insert,189842679,0,A,2000,149700,G,
1.028447,,Insert,189842695,0,B,3000,148400,G,
1.028447,,Cancel,189837655,,,-3000,,,
1.028447,,Cancel,189841747,,,-940,,,
1.028465,,Insert,189842715,0,B,860,148600,G,
1.028523,,Cancel,189841803,,,-2000,,,
1.028523,,Insert,189842779,0,B,2000,114600,G,
1.028534,,Insert,189842783,0,B,1000,148600,G,
1.028547,,Insert,189842799,0,A,860,148800,G,
1.028646,,Cancel,189842799,,,-860,,,
1.028981,,Insert,189843287,0,A,860,148800,G,
1.028993,,Cancel,189842399,,,-1000,,,
1.029139,,Cancel,189843287,,,-860,,,
1.029396,,Insert,189843743,0,B,8000,148600,G,
1.029396,,Cancel,189815859,,,-8000,,,
1.029431,,Insert,189843783,0,A,3000,148800,G,
1.029533,,Insert,189843875,0,B,1000,148600,G,
1.029701,,Insert,189844015,0,B,940,148600,G,
1.030004,,Cancel,189820795,,,-940,,,
1.03007,,Insert,189844475,0,B,2000,148300,G,
1.030127,,Insert,189844555,0,B,940,148600,G,
1.030377,,Insert,189844847,0,B,1000,148600,G,
1.030442,,Insert,189844959,0,B,60,148600,G,
1.030574,,Insert,189845103,0,B,250,148600,G,
1.03085,,Insert,189845471,0,A,940,149400,G,
1.03085,,Cancel,189841519,,,-2000,,,
1.03085,,Insert,189845487,0,A,2000,183400,G,
1.030871,,Insert,189845527,0,B,2000,148700,G,
1.031055,,Cancel,189844555,,,-940,,,
1.031128,,Cancel,189842779,,,-2000,,,
1.031128,,Insert,189845827,0,B,2000,114700,G,
1.03114,,Insert,189845839,0,A,940,148900,G,
1.031162,,Insert,189845867,0,B,860,148700,G,
1.031169,,Cancel,189842695,,,-3000,,,
1.031304,,Insert,189846007,0,B,2000,148700,G,
1.031331,,Insert,189846051,0,B,3000,148500,G,
1.031486,,Cancel,189845839,,,-940,,,
1.03166,,Insert,189846375,0,A,1000,149700,G,
1.03166,,Insert,189846379,0,B,1000,148000,G,
1.031679,,Insert,189846411,0,B,1000,148700,G,
1.031744,,Insert,189846511,0,B,1000,148700,G,
1.031915,,Cancel,189846511,,,-1000,,,
1.03202,,Insert,189846787,0,A,940,148900,G,
1.03208,,Insert,189846887,0,B,8000,148700,G,
1.03208,,Cancel,189820851,,,-8000,,,
1.032279,,Insert,189847135,0,B,1000,148300,G,
1.032279,,Insert,189847139,0,A,1000,149900,G,
1.032391,,Cancel,189844847,,,-1000,,,
1.032475,,Insert,189847399,0,A,1000,149800,G,
1.032535,,Cancel,189846787,,,-940,,,
1.032542,,Insert,189847483,0,B,940,148700,G,
1.033108,,Cancel,189845527,,,-2000,,,
1.033233,,Insert,189848511,0,A,1000,150000,G,
1.033233,,Cancel,189843783,,,-3000,,,
1.033289,,Insert,189848575,0,A,860,149000,G,
1.033375,,Insert,189848719,0,A,3000,149000,G,
1.033422,,Cancel,189848719,,,-3000,,,
1.033428,,Cancel,189846887,,,-8000,,,
1.033458,,Insert,189848807,0,A,2000,148900,G,
1.033651,,Insert,189849123,0,B,2000,148400,G,
1.033788,,Insert,189849291,0,A,2000,149800,G,
1.03429,,Cancel,189844959,,,-60,,,
1.034409,,Cancel,189822027,,,-1000,,,
1.03445,,Cancel,189845103,,,-250,,,
1.034497,,Cancel,189845867,,,-860,,,
1.035391,,Insert,189850303,0,A,8000,150000,G,
1.035403,,Cancel,189849123,,,-2000,,,
1.035418,,Cancel,189843875,,,-1000,,,
1.035866,,Cancel,189850303,,,-8000,,,
1.03587,,Insert,189850583,0,A,1000,153800,G,
1.03589,,Insert,189850611,0,B,2000,148400,G,
1.036263,,Insert,189850747,0,B,8000,148700,G,
1.036479,,Insert,189850895,0,B,1000,148500,G,
1.037929,,Cancel,189848807,,,-2000,,,
1.038112,,Insert,189851639,0,A,2000,149900,G,
1.038167,,Insert,189851647,0,A,5000,149000,G,
1.039951,,Insert,189852563,0,B,860,148700,G,
1.040309,,Cancel,189833555,,,-1000,,,
1.040313,,Cancel,189820607,,,-1000,,,
1.040465,,Cancel,189850895,,,-1000,,,
1.040473,,Insert,189852695,0,A,1000,149100,G,
1.040512,,Insert,189852715,0,B,1000,148400,G,
1.040769,,Cancel,189852695,,,-1000,,,
1.040919,,Insert,189852947,0,A,8000,148900,G,
1.040952,,Insert,189852967,0,A,3000,149000,G,
1.040963,,Cancel,189851647,,,-5000,,,
1.040965,,Insert,189852971,0,A,1000,149100,G,
1.041028,,Cancel,189851639,,,-2000,,,
1.041201,,Cancel,189852715,,,-1000,,,
1.041636,,Cancel,189850747,,,-8000,,,
1.041652,,Cancel,189852563,,,-860,,,
1.041911,,Cancel,189852971,,,-1000,,,
1.04233,,Insert,189853603,0,B,860,148700,G,
1.042345,,Insert,189853607,0,B,8000,148700,G,
1.04236,,Insert,189853627,0,A,1000,148900,G,
1.044355,,Cancel,189852947,,,-8000,,,
1.044381,,Cancel,189853627,,,-1000,,,
1.044456,,Insert,189854407,0,A,4000,149000,G,
1.044473,,Insert,189854427,0,A,2000,149900,G,
1.044481,,Insert,189854443,0,A,8000,149000,G,
1.044484,,Cancel,189833635,,,-940,,,
1.044494,,Cancel,189854407,,,-4000,,,
1.044541,,Cancel,189845487,,,-2000,,,
1.044541,,Insert,189854467,0,A,2000,183500,G,
1.044616,,Cancel,189845827,,,-2000,,,
1.044616,,Insert,189854483,0,B,2000,114800,G,
1.044911,,Insert,189854567,0,B,940,148300,G,
1.045025,,Cancel,189854483,,,-2000,,,
1.045025,,Insert,189854595,0,B,2000,114700,G,
1.045213,,Insert,189854635,0,B,1000,148700,G,
1.046061,,Cancel,189854567,,,-940,,,
1.048596,,Cancel,189848575,,,-860,,,
1.048599,,Insert,189855979,0,B,940,148300,G,
1.048875,,Cancel,189820771,,,-940,,,
1.048877,,Cancel,189855979,,,-940,,,
1.048877,,Insert,189856083,0,B,940,148800,G,
1.048918,,Insert,189856127,0,B,3000,148600,G,
1.048928,,Cancel,189846051,,,-3000,,,
1.048944,,Cancel,189854467,,,-2000,,,
1.048944,,Insert,189856143,0,A,2000,183600,G,
1.04901,,Cancel,189854595,,,-2000,,,
1.04901,,Insert,189856203,0,B,2000,114800,G,
1.049022,,Insert,189856211,0,B,2000,148500,G,
1.049122,,Insert,189856255,0,B,870,148800,G,
1.049151,,Cancel,189856143,,,-2000,,,
1.049151,,Insert,189856271,0,A,2000,183500,G,
1.049167,,Insert,189856287,0,B,60,148700,G,
1.049182,,Insert,189856303,0,B,1000,148800,G,
1.049208,,Insert,189856327,0,A,940,149500,G,
1.049224,,Cancel,189856255,,,-870,,,
1.049326,,Insert,189856451,0,A,940,149600,G,
1.049333,,Insert,189856459,0,B,870,148800,G,
1.04938,,Cancel,189856271,,,-2000,,,
1.04938,,Insert,189856555,0,A,2000,183600,G,
1.04949,,Cancel,189856459,,,-870,,,
1.049595,,Insert,189856895,0,B,870,148800,G,
1.049669,,Cancel,189856895,,,-870,,,
1.049805,,Cancel,189835863,,,-940,,,
1.050022,,Insert,189857483,0,B,940,148400,G,
1.050047,,Insert,189857511,0,B,870,148800,G,
1.050047,,Cancel,189856287,,,-60,,,
1.050127,,Cancel,189856203,,,-2000,,,
1.050127,,Insert,189857611,0,B,2000,114900,G,
1.050211,,Cancel,189857611,,,-2000,,,
1.050211,,Insert,189857711,0,B,2000,114800,G,
1.050227,,Cancel,189857511,,,-870,,,
1.050275,,Insert,189857755,0,B,2000,148400,G,
1.050284,,Cancel,189852967,,,-3000,,,
1.051381,,Insert,189858515,0,B,870,148800,G,
1.053007,,Cancel,189858515,,,-870,,,
1.05319,,Cancel,189856555,,,-2000,,,
1.05319,,Insert,189858947,0,A,2000,183500,G,
1.05319,,Cancel,189835899,,,-1000,,,
1.055074,,Insert,189859339,0,A,1000,149100,G,
1.056766,,Cancel,189858947,,,-2000,,,
1.056766,,Insert,189859787,0,A,2000,183600,G,
1.057669,,Insert,189859911,0,B,870,148800,G,
1.057924,,Cancel,189859911,,,-870,,,
1.058918,,Insert,189860123,0,B,1000,148800,G,
1.05927,,Insert,189860159,0,B,7000,147800,G,
1.061486,,Insert,189860567,0,B,1000,148100,G,
1.062153,,Insert,189860719,0,B,1000,148800,G,
1.062333,,Insert,189860763,0,B,1000,148400,G,
1.062492,,Insert,189860779,0,A,1000,149900,G,
1.062521,,Cancel,189860123,,,-1000,,,
1.062552,,Cancel,189822259,,,-1000,,,
1.063337,,Insert,189860879,0,A,1000,150100,G,
1.064688,,Insert,189861019,0,A,1000,149000,G,
1.064819,,Cancel,189850583,,,-1000,,,
1.065142,,Insert,189861087,0,B,870,148800,G,
1.065561,,Insert,189861139,0,A,1000,154000,G,
1.065742,,Cancel,189861019,,,-1000,,,
1.066076,,Cancel,189861087,,,-870,,,
1.066483,,Cancel,189859339,,,-1000,,,
1.066513,,Cancel,189856083,,,-940,,,
1.06652,,Insert,189861447,0,A,940,149000,G,
1.066535,,Cancel,189860719,,,-1000,,,
1.066762,,Cancel,189859787,,,-2000,,,
1.066762,,Insert,189861507,0,A,2000,183500,G,
1.067034,,Cancel,189856303,,,-1000,,,
1.067115,,Insert,189861551,0,B,2000,147800,G,
1.071661,,Insert,189862063,0,B,1000,148800,G,
1.071685,,Cancel,189861447,,,-940,,,
1.071855,,Cancel,189861551,,,-2000,,,
1.071868,,Insert,189862087,0,B,1000,148800,G,
1.071977,,Insert,189862103,0,B,940,148800,G,
1.073735,,Cancel,189862063,,,-1000,,,
1.073765,,Insert,189862263,0,A,1000,149100,G,
1.073771,,Insert,189862267,0,A,1000,149000,G,
1.075497,,Cancel,189862103,,,-940,,,
1.075631,,Insert,189862351,0,A,940,149000,G,
1.075925,,Cancel,189862267,,,-1000,,,
1.076837,,Cancel,189846007,,,-2000,,,
1.076868,,Insert,189862563,0,A,1000,149500,G,
1.079742,,Cancel,189862351,,,-940,,,
1.080033,,Insert,189862959,0,B,870,148800,G,
1.08009,,Insert,189862963,0,B,940,148800,G,
1.080612,,Cancel,189861507,,,-2000,,,
1.080612,,Insert,189863015,0,A,2000,183600,G,
1.081402,,Insert,189863123,0,A,1000,149000,G,
1.084753,,Cancel,189863123,,,-1000,,,
1.089736,,Insert,5079530,1,A,15,147400,G,
1.095002,,Cancel,7041942,,,-10000,,,
1.095002,,Cancel,7041943,,,-9999,,,
1.095002,,Insert,7041944,1,A,10000,149500,G,
1.095002,,Insert,7041945,1,B,10000,148300,G,
1.110944,,Cancel,189862959,,,-870,,,
1.111392,,Insert,189865431,0,B,1000,148500,G,
1.114438,,Cancel,189862963,,,-940,,,
1.114639,,Cancel,189863015,,,-2000,,,
1.114639,,Insert,189865631,0,A,2000,183500,G,
1.114696,,Cancel,189865631,,,-2000,,,
1.114696,,Insert,189865635,0,A,2000,183600,G,
1.114743,,Cancel,189865635,,,-2000,,,
1.114743,,Insert,189865643,0,A,2000,183500,G,
1.11479,,Cancel,189865643,,,-2000,,,
1.11479,,Insert,189865655,0,A,2000,183600,G,
1.123205,,Insert,189866411,0,A,2000,149600,G,
1.123205,,Cancel,189862263,,,-1000,,,
1.123237,,Insert,189866419,0,A,1000,149000,G,
1.123258,,Insert,189866423,0,A,1000,150400,G,
1.123309,,Insert,189866443,0,A,940,149000,G,
1.123458,,Insert,189866459,0,A,860,149000,G,
1.12349,,Insert,189866471,0,A,1000,149000,G,
1.123525,,Insert,189866487,0,A,1000,149000,G,
1.123558,,Insert,189866503,0,A,1000,149000,G,
1.123645,,Cancel,189862087,,,-1000,,,
1.123696,,Cancel,189865431,,,-1000,,,
1.123697,,Cancel,189854635,,,-1000,,,
1.123717,,Cancel,189856211,,,-2000,,,
1.123719,,Insert,189866531,0,B,2000,147800,G,
1.12373,,Cancel,189865655,,,-2000,,,
1.12373,,Insert,189866535,0,A,2000,183500,G,
1.123807,,Insert,189866587,0,A,3000,149000,G,
1.131534,,Insert,189867343,0,A,8000,148900,G,
1.131585,,Insert,189867367,0,A,1000,148900,G,
1.131704,,Cancel,189854427,,,-2000,,,
1.13187,,Insert,189867495,0,A,1000,148900,G,
1.132,,Cancel,189857755,,,-2000,,,
1.132,,Insert,189867575,0,B,2000,148300,G,
1.132033,,Cancel,189853607,,,-8000,,,
1.13204,,Cancel,189860159,,,-7000,,,
1.132044,,Cancel,189853603,,,-860,,,
1.132055,,Cancel,189866423,,,-1000,,,
1.13206,,Cancel,189847483,,,-940,,,
1.13206,,Insert,189867615,0,A,1000,150300,G,
1.132069,,Insert,189867619,0,A,940,148900,G,
1.132232,,Insert,189867695,0,A,260,148900,G,
1.132249,,Insert,189867703,0,A,1000,148900,G,
1.132253,,Cancel,189846411,,,-1000,,,
1.132332,,Insert,189867739,0,B,1000,148600,G,
1.132421,,Insert,189867791,0,B,2000,147700,G,
1.132517,,Insert,189867823,0,A,60,148900,G,
1.132519,,Cancel,189866419,,,-1000,,,
1.132542,,Insert,189867847,0,B,940,148300,G,
1.132613,,Insert,189867871,0,B,1000,148700,G,
1.132642,,Cancel,189856451,,,-940,,,
1.132734,,Cancel,189867791,,,-2000,,,
1.132742,,Cancel,189857711,,,-2000,,,
1.132742,,Insert,189867939,0,B,2000,114700,G,
1.132789,,Cancel,189866535,,,-2000,,,
1.132789,,Insert,189867959,0,A,2000,183400,G,
1.132832,,Cancel,189867871,,,-1000,,,
1.132885,,Cancel,189867695,,,-260,,,
1.132902,,Insert,189868019,0,B,2000,147700,G,
1.13295,,Cancel,189867739,,,-1000,,,
1.133296,,Insert,189868219,0,B,940,148700,G,
1.133304,,Cancel,189867619,,,-940,,,
1.133421,,Insert,189868283,0,B,870,148700,G,
1.133424,,Cancel,189868019,,,-2000,,,
1.133484,,Cancel,189867615,,,-1000,,,
1.13359,,Insert,189868347,0,B,1000,148700,G,
1.133605,,Insert,189868351,0,B,1000,148700,G,
1.134769,,Insert,189868611,0,B,8000,148700,G,
1.134967,,Cancel,189867823,,,-60,,,
1.135175,,Cancel,189867959,,,-2000,,,
1.135175,,Insert,189868719,0,A,2000,183500,G,
1.138681,,Cancel,189867703,,,-1000,,,
1.13871,,Insert,189868887,0,A,2000,149000,G,
1.140444,,Cancel,189867495,,,-1000,,,
1.140526,,Cancel,189868719,,,-2000,,,
1.140526,,Insert,189868959,0,A,2000,183400,G,
1.144759,,Cancel,189868283,,,-870,,,
1.144789,,Cancel,189868611,,,-8000,,,
1.145596,,Cancel,189868347,,,-1000,,,
1.145683,,Cancel,189861139,,,-1000,,,
1.146008,,Insert,189869347,0,B,870,148700,G,
1.146047,,Cancel,189868887,,,-2000,,,
1.146147,,Insert,189869363,0,B,8000,148700,G,
1.146621,,Insert,189869399,0,A,1000,153800,G,
1.147958,,Insert,189869471,0,A,1000,148900,G,
1.148023,,Cancel,189868959,,,-2000,,,
1.148023,,Insert,189869487,0,A,2000,183500,G,
1.149635,,Cancel,189869471,,,-1000,,,
1.149676,,Insert,189869615,0,B,1000,147200,G,
1.153004,,Cancel,189842783,,,-1000,,,
1.153007,,Cancel,189866503,,,-1000,,,
1.155317,,Insert,189869827,0,A,3000,149000,G,
1.155748,,Insert,3831825,0,A,940,148700,F,
1.155748,,Insert,3831826,0,A,1000,148700,F,
1.155748,,Insert,3831827,0,A,870,148700,F,
1.155748,,Insert,3831828,0,A,4190,148700,F,
1.155782,,Insert,189869839,0,A,940,148900,G,
1.155791,,Insert,189869843,0,A,1000,148900,G,
1.155794,,Insert,189869851,0,A,1000,148900,G,
1.155826,,Insert,189869863,0,A,1000,150400,G,
1.155836,,Cancel,189869363,,,-3810,,,
1.15606,,Insert,189869883,0,B,2000,147700,G,
1.156259,,Cancel,189869487,,,-2000,,,
1.156259,,Insert,189869895,0,A,2000,183400,G,
1.163862,,Cancel,189869863,,,-1000,,,
1.164047,,Cancel,189869827,,,-3000,,,
1.164366,,Cancel,189867939,,,-2000,,,
1.164366,,Insert,189870231,0,B,2000,114600,G,
1.167179,,Insert,189870335,0,A,3000,148900,G,
1.167373,,Cancel,189870231,,,-2000,,,
1.167373,,Insert,189870371,0,B,2000,114700,G,
1.171523,,Cancel,189860763,,,-1000,,,
1.174924,,Cancel,189860567,,,-1000,,,
1.184959,,Insert,189871003,0,B,1000,148100,G,
1.20202,,Cancel,189869839,,,-940,,,
1.202865,,Insert,189871363,0,B,1000,148400,G,
1.212662,,Cancel,189869895,,,-2000,,,
1.212662,,Insert,189871659,0,A,2000,183500,G,
1.213164,,Insert,189871687,0,B,940,148700,G,
1.21317,,Insert,189871691,0,B,1000,148700,G,
1.213178,,Insert,189871695,0,B,2000,148700,G,
1.213213,,Cancel,189869883,,,-2000,,,
1.213246,,Cancel,189867367,,,-1000,,,
1.213408,,Insert,189871707,0,B,880,148700,G,
1.213436,,Cancel,189867343,,,-8000,,,
1.213841,,Cancel,189869843,,,-1000,,,
1.219,TraderOne,Cancel,6,,,-10,,,
1.219,TraderOne,Cancel,5,,,-10,,,
1.219,TraderOne,Insert,7,1,B,10,148300,G,
1.219,TraderOne,Insert,8,1,A,10,149200,G,
1.22883,,Cancel,189841511,,,-1000,,,
1.228862,,Cancel,189871695,,,-2000,,,
1.228875,,Cancel,189869851,,,-1000,,,
1.251124,,Insert,189872551,0,B,2000,148200,G,
1.261703,,Cancel,189871687,,,-940,,,
1.261729,,Insert,189872887,0,B,1000,119000,G,
1.261731,,Cancel,189813963,,,-1000,,,
1.26909,,Insert,189872987,0,B,1000,148500,G,
1.269116,,Insert,189872991,0,B,1000,104400,G,
1.269489,,Cancel,189872987,,,-1000,,,
1.269626,,Insert,189873011,0,B,1000,148700,G,
1.269872,,Insert,189873039,0,B,940,148700,G,
1.270041,,Insert,189873043,0,B,7000,147800,G,
1.270041,,Cancel,189873039,,,-940,,,
1.284003,,Insert,189873499,0,B,940,148700,G,
1.284061,,Cancel,189866459,,,-860,,,
1.284189,,Insert,189873515,0,B,2000,148500,G,
1.284296,,Cancel,189866587,,,-3000,,,
1.284434,,Cancel,189866471,,,-1000,,,
1.284479,,Insert,189873647,0,B,1000,148800,G,
1.28452,,Insert,189873683,0,B,880,148800,G,
1.284537,,Cancel,189866443,,,-940,,,
1.284541,,Cancel,189867847,,,-940,,,
1.284549,,Cancel,189870335,,,-3000,,,
1.284556,,Cancel,189866531,,,-2000,,,
1.284596,,Insert,189873759,0,A,1000,149100,G,
1.284602,,Cancel,189870371,,,-2000,,,
1.284602,,Insert,189873767,0,B,2000,114800,G,
1.284638,,Insert,189873823,0,B,940,148800,G,
1.284654,,Insert,189873847,0,B,1010,148800,G,
1.284687,,Insert,189873883,0,A,2000,149900,G,
1.284752,,Insert,189873971,0,A,1000,149000,G,
1.284782,,Cancel,189873971,,,-1000,,,
1.284943,,Cancel,189869615,,,-1000,,,
1.284994,,Insert,189874131,0,B,1000,148800,G,
1.285055,,Cancel,189873823,,,-940,,,
1.285059,,Cancel,189873683,,,-880,,,
1.28513,,Insert,189874195,0,B,2000,148700,G,
1.285155,,Insert,189874223,0,A,940,149000,G,
1.28537,,Insert,189874387,0,A,940,149600,G,
1.285469,,Cancel,189874223,,,-940,,,
1.285491,,Cancel,189874131,,,-1000,,,
1.285583,,Cancel,189871659,,,-2000,,,
1.285583,,Insert,189874479,0,A,2000,183600,G,
1.285684,,Insert,189874507,0,A,940,149000,G,
1.285684,,Insert,189874511,0,B,1000,148500,G,
1.285719,,Cancel,189874195,,,-2000,,,
1.285798,,Cancel,189874479,,,-2000,,,
1.285798,,Insert,189874563,0,A,2000,183500,G,
1.285798,,Insert,189874567,0,A,880,149000,G,
1.285979,,Cancel,189874563,,,-2000,,,
1.285979,,Insert,189874627,0,A,2000,183600,G,
1.286061,,Insert,189874651,0,A,1000,149000,G,
1.286167,,Insert,189874715,0,A,1000,149000,G,
1.286254,,Cancel,189873647,,,-1000,,,
1.286344,,Cancel,189874627,,,-2000,,,
1.286344,,Insert,189874779,0,A,2000,183500,G,
1.28638,,Cancel,189854443,,,-8000,,,
1.286807,,Cancel,189874511,,,-1000,,,
1.287665,,Cancel,189873759,,,-1000,,,
1.289539,,Insert,3831905,0,A,1010,148800,F,
1.28954,,Cancel,189873515,,,-2000,,,
1.289564,,Insert,189875219,0,A,240,148900,G,
1.289582,,Cancel,189871707,,,-880,,,
1.289598,,Insert,189875247,0,A,3000,149100,G,
1.289631,,Insert,189875263,0,A,1000,148900,G,
1.289631,,Insert,189875267,0,A,870,148900,G,
1.289639,,Insert,189875279,0,A,1000,148900,G,
1.289639,,Cancel,189873767,,,-2000,,,
1.289639,,Insert,189875283,0,B,2000,114700,G,
1.289662,,Insert,189875303,0,A,1000,148900,G,
1.289669,,Insert,189875307,0,B,2000,147800,G,
1.289669,,Cancel,189873883,,,-2000,,,
1.289688,,Cancel,189875279,,,-1000,,,
1.289781,,Cancel,189875267,,,-870,,,
1.289849,,Insert,189875371,0,A,60,148900,G,
1.289864,,Cancel,189871691,,,-1000,,,
1.289872,,Insert,189875391,0,B,940,148300,G,
1.289876,,Cancel,189873011,,,-1000,,,
1.289876,,Cancel,189873499,,,-940,,,
1.289884,,Insert,189875407,0,A,940,148900,G,
1.289884,,Insert,189875411,0,A,1000,148900,G,
1.290046,,Insert,189875455,0,B,2000,147700,G,
1.290076,,Cancel,189874387,,,-940,,,
1.290148,,Cancel,189843743,,,-8000,,,
1.290181,,Cancel,189875407,,,-940,,,
1.290215,,Cancel,189874779,,,-2000,,,
1.290215,,Insert,189875503,0,A,2000,183400,G,
1.292474,,Insert,189875739,0,B,940,148700,G,
1.292495,,Cancel,189875219,,,-240,,,
1.292626,,Cancel,189875739,,,-940,,,
1.293013,,Insert,189875759,0,B,940,148700,G,
1.293041,,Insert,189875763,0,B,1000,148700,G,
1.293076,,Insert,189875767,0,B,870,148700,G,
1.293078,,Cancel,189875455,,,-2000,,,
1.293283,,Cancel,189875371,,,-60,,,
1.293294,,Insert,189875775,0,B,1000,148700,G,
1.293302,,Cancel,189875411,,,-1000,,,
1.293473,,Cancel,189875303,,,-1000,,,
1.293488,,Cancel,189875263,,,-1000,,,
1.293498,,Cancel,189875503,,,-2000,,,
1.293498,,Insert,189875791,0,A,2000,183500,G,
1.29378,,Insert,189875827,0,A,2000,149900,G,
1.298047,,Insert,189876039,0,A,8000,150000,G,
1.298047,,Insert,189876043,0,A,8000,149000,G,
1.298052,,Insert,189876047,0,A,3000,149000,G,
1.298052,,Cancel,189875247,,,-3000,,,
1.298058,,Cancel,189875759,,,-940,,,
1.298077,,Cancel,189875775,,,-1000,,,
1.298116,,Insert,189876063,0,A,1000,148900,G,
1.29814,,Cancel,189876043,,,-8000,,,
1.29814,,Cancel,189876039,,,-8000,,,
1.298165,,Insert,189876071,0,B,940,148700,G,
1.298275,,Cancel,189875827,,,-2000,,,
1.299234,,Cancel,189876071,,,-940,,,
1.29951,,Insert,189876107,0,A,1000,148900,G,
1.299537,,Insert,189876111,0,A,1000,148900,G,
1.299772,,Insert,189876119,0,A,2000,149000,G,
1.299855,,Cancel,189875767,,,-870,,,
1.299907,,Insert,189876143,0,A,940,148900,G,
1.299938,,Cancel,189875763,,,-1000,,,
1.300027,,Insert,189876167,0,B,2000,147700,G,
1.300133,,Insert,189876179,0,B,1000,148700,G,
1.300235,,Cancel,189876143,,,-940,,,
1.300257,,Cancel,189875791,,,-2000,,,
1.300257,,Insert,189876183,0,A,2000,183400,G,
1.300326,,Cancel,189876167,,,-2000,,,
1.300328,,Cancel,189876183,,,-2000,,,
1.300328,,Insert,189876187,0,A,2000,183500,G,
1.300565,,Insert,189876191,0,B,870,148700,G,
1.300665,,Insert,189876199,0,B,940,148700,G,
1.30069,,Cancel,189876107,,,-1000,,,
1.300715,,Cancel,189876111,,,-1000,,,
1.30073,,Cancel,189876191,,,-870,,,
1.30076,,Cancel,189876063,,,-1000,,,
1.300913,,Insert,189876207,0,A,5000,149000,G,
1.300979,,Insert,189876211,0,A,2000,149900,G,
1.301377,,Insert,189876219,0,B,870,148700,G,
1.30187,,Cancel,189836075,,,-1000,,,
1.30188,,Cancel,189874651,,,-1000,,,
1.303168,,Cancel,189873043,,,-7000,,,
1.304897,,Insert,189876263,0,A,1000,149000,G,
1.305113,,Cancel,189876119,,,-2000,,,
1.305312,,Cancel,189876207,,,-5000,,,
1.307566,,Insert,189876303,0,A,8000,149000,G,
1.307566,,Insert,189876307,0,A,8000,150000,G,
1.307576,,Cancel,189876219,,,-870,,,
1.30758,,Cancel,189876199,,,-940,,,
1.307585,,Insert,189876315,0,A,8000,149000,G,
1.307614,,Insert,189876319,0,A,8000,148900,G,
1.30764,,Cancel,189876303,,,-8000,,,
1.30764,,Cancel,189876307,,,-8000,,,
1.307643,,Insert,189876323,0,A,1000,148900,G,
1.307697,,Cancel,189876263,,,-1000,,,
1.307715,,Cancel,189876211,,,-2000,,,
1.308027,,Insert,189876339,0,A,1000,148900,G,
1.308107,,Insert,189876343,0,A,1000,148900,G,
1.31065,,Insert,189876379,0,A,940,148900,G,
1.310847,,Cancel,189876187,,,-2000,,,
1.310847,,Insert,189876383,0,A,2000,183400,G,
1.311269,,Cancel,189876179,,,-1000,,,
1.311565,,Insert,189876395,0,B,2000,147700,G,
1.318906,,Insert,189876491,0,A,2000,148900,G,
1.325692,,Cancel,189876379,,,-940,,,
1.333581,,Insert,189877091,0,A,1000,148900,G,
1.337181,,Insert,189877439,0,A,940,148900,G,
1.363192,,Cancel,189877091,,,-1000,,,
1.363391,,Cancel,189876383,,,-2000,,,
1.363391,,Insert,189878063,0,A,2000,183500,G,
1.365986,,Cancel,189876343,,,-1000,,,
1.37599,,Cancel,189833551,,,-1000,,,
1.397998,,Insert,189878899,0,B,1000,147200,G,
1.398191,,Cancel,7041944,,,-10000,,,
1.398191,,Cancel,7041945,,,-10000,,,
1.398191,,Insert,7041946,1,A,10000,149400,G,
1.398191,,Insert,7041947,1,B,10000,148200,G,
1.400346,,Cancel,189877439,,,-940,,,
1.410924,,Insert,189879211,0,B,2000,148700,G,
1.410952,,Insert,189879215,0,B,1000,148700,G,
1.411054,,Cancel,189876395,,,-2000,,,
1.411054,,Cancel,189876323,,,-1000,,,
1.427648,,Insert,189879871,0,A,940,148900,G,
1.427677,,Cancel,189879211,,,-2000,,,
1.432245,,Cancel,189879215,,,-1000,,,
1.432395,,Insert,189880043,0,B,2000,147700,G,
1.432592,,Cancel,189878063,,,-2000,,,
1.432592,,Insert,189880051,0,A,2000,183400,G,
1.433108,,Insert,189880091,0,A,870,148900,G,
1.434039,,Insert,189880155,0,B,940,148200,G,
1.434047,,Insert,189880159,0,B,1000,148600,G,
1.434049,,Insert,189880163,0,B,1000,148300,G,
1.434228,,Cancel,189875283,,,-2000,,,
1.434228,,Insert,189880195,0,B,2000,114600,G,
1.434501,,Cancel,189880155,,,-940,,,
1.434704,,Cancel,189880195,,,-2000,,,
1.434704,,Insert,189880235,0,B,2000,114700,G,
1.435398,,Cancel,189880235,,,-2000,,,
1.435398,,Insert,189880275,0,B,2000,114600,G,
1.435444,,Cancel,189880275,,,-2000,,,
1.435444,,Insert,189880279,0,B,2000,114700,G,
1.443686,,Cancel,189880091,,,-870,,,
1.450161,,Cancel,189880159,,,-1000,,,
1.450206,,Insert,189880763,0,A,1000,150300,G,
1.452502,,Insert,189880787,0,B,2000,148100,G,
1.4701,,Cancel,189879871,,,-940,,,
1.470183,,Insert,189881063,0,B,1000,148700,G,
1.470351,,Cancel,189880043,,,-2000,,,
1.470452,,Insert,189881079,0,A,940,148900,G,
1.470491,,Insert,189881083,0,A,1000,148900,G,
1.470548,,Cancel,189880051,,,-2000,,,
1.470548,,Insert,189881091,0,A,2000,183500,G,
1.478244,,Cancel,189881079,,,-940,,,
1.47828,,Cancel,189881083,,,-1000,,,
1.478303,,Cancel,189880763,,,-1000,,,
1.478506,,Insert,189881295,0,A,940,148900,G,
1.478958,,Cancel,189881091,,,-2000,,,
1.478958,,Insert,189881311,0,A,2000,183400,G,
1.479031,,Cancel,189881311,,,-2000,,,
1.479031,,Insert,189881319,0,A,2000,183500,G,
1.479077,,Cancel,189881319,,,-2000,,,
1.479077,,Insert,189881323,0,A,2000,183400,G,
1.480414,,Cancel,189881063,,,-1000,,,
1.481807,,Insert,189881367,0,B,2000,147700,G,
1.501952,,Insert,189881611,0,A,2000,149700,G,
1.501978,,Cancel,189831283,,,-1000,,,
1.524455,,Insert,189882207,0,A,1000,178600,G,
1.536909,,Insert,189882447,0,A,870,148900,G,
1.536935,,Insert,189882451,0,A,1000,150300,G,
1.537286,,Cancel,189842715,,,-860,,,
1.537319,,Cancel,189856127,,,-3000,,,
1.537329,,Insert,189882647,0,A,940,148800,G,
1.537339,,Insert,189882663,0,A,3000,148900,G,
1.537343,,Insert,189882671,0,A,1000,148800,G,
1.537346,,Cancel,189844015,,,-940,,,
1.537352,,Insert,189882683,0,A,2000,149000,G,
1.537352,,Cancel,189876047,,,-3000,,,
1.537369,,Insert,189882703,0,A,8000,150000,G,
1.537405,,Cancel,189882703,,,-8000,,,
1.537436,,Insert,189882787,0,A,870,148800,G,
1.537467,,Cancel,189842651,,,-1000,,,
1.537467,,Cancel,189849291,,,-2000,,,
1.537514,,Insert,189882879,0,A,1000,148900,G,
1.537544,,Cancel,189882647,,,-940,,,
1.537544,,Insert,189882927,0,B,940,148200,G,
1.537567,,Insert,189882947,0,B,1000,148500,G,
1.537615,,Cancel,189871363,,,-1000,,,
1.537625,,Insert,189883047,0,B,2000,147600,G,
1.537625,,Insert,189883051,0,A,8000,148800,G,
1.537675,,Insert,189883111,0,A,940,148800,G,
1.537751,,Cancel,189880279,,,-2000,,,
1.537751,,Insert,189883187,0,B,2000,114600,G,
1.537761,,Cancel,189878899,,,-1000,,,
1.537775,,Insert,189883223,0,B,1000,148600,G,
1.537815,,Insert,189883263,0,A,1000,148800,G,
1.537825,,Cancel,189850611,,,-2000,,,
1.537884,,Insert,189883347,0,B,3000,148500,G,
1.537981,,Cancel,189882787,,,-870,,,
1.538031,,Cancel,189883223,,,-1000,,,
1.538031,,Insert,189883531,0,A,1000,148800,G,
1.538089,,Cancel,189856327,,,-940,,,
1.538092,,Cancel,189883347,,,-3000,,,
1.538146,,Insert,189883699,0,A,870,148800,G,
1.538158,,Cancel,189881323,,,-2000,,,
1.538158,,Insert,189883719,0,A,2000,183300,G,
1.538158,,Cancel,189883047,,,-2000,,,
1.538204,,Cancel,189882947,,,-1000,,,
1.538241,,Cancel,189867575,,,-2000,,,
1.538241,,Insert,189883855,0,B,2000,148000,G,
1.538248,,Cancel,189883531,,,-1000,,,
1.538262,,Insert,189883875,0,A,1000,149400,G,
1.538282,,Cancel,189871003,,,-1000,,,
1.538324,,Insert,189883955,0,A,8000,148700,G,
1.538363,,Cancel,189882879,,,-1000,,,
1.538363,,Cancel,189876491,,,-2000,,,
1.538519,,Cancel,189883875,,,-1000,,,
1.538547,,Insert,189884311,0,B,1000,148500,G,
1.538557,,Insert,189884331,0,B,940,148100,G,
1.538727,,Insert,189884531,0,B,1000,148500,G,
1.538751,,Cancel,189884331,,,-940,,,
1.538751,,Insert,189884555,0,B,2000,147600,G,
1.53885,,Insert,189884659,0,B,940,148100,G,
1.538879,,Cancel,189842679,,,-2000,,,
1.538938,,Cancel,189883187,,,-2000,,,
1.538938,,Insert,189884759,0,B,2000,114500,G,
1.539034,,Cancel,189884759,,,-2000,,,
1.539034,,Insert,189884847,0,B,2000,114600,G,
1.539079,,Insert,189884883,0,A,1000,149100,G,
1.539124,,Cancel,189884659,,,-940,,,
1.539185,,Cancel,189884847,,,-2000,,,
1.539185,,Insert,189885023,0,B,2000,114500,G,
1.539238,,Insert,189885059,0,A,1000,149400,G,
1.53933,,Cancel,189880163,,,-1000,,,
1.539478,,Cancel,189885023,,,-2000,,,
1.539478,,Insert,189885211,0,B,2000,114600,G,
1.539522,,Insert,189885255,0,A,2000,148900,G,
1.539841,,Cancel,189882451,,,-1000,,,
1.539867,,Insert,189885527,0,B,940,148100,G,
1.54002,,Cancel,189885211,,,-2000,,,
1.54002,,Insert,189885623,0,B,2000,114500,G,
1.540099,,Cancel,189885623,,,-2000,,,
1.540099,,Insert,189885663,0,B,2000,114600,G,
1.540167,,Cancel,189885663,,,-2000,,,
1.540167,,Insert,189885703,0,B,2000,114500,G,
1.54026,,Cancel,189885527,,,-940,,,
1.540521,,Cancel,189885703,,,-2000,,,
1.540521,,Insert,189885903,0,B,2000,114600,G,
1.540604,,Cancel,189842303,,,-8000,,,
1.540604,,Cancel,189883955,,,-8000,,,
1.540633,,Cancel,189883699,,,-870,,,
1.540654,,Insert,189885991,0,B,8000,148500,G,
1.540727,,Insert,189886023,0,A,2000,149700,G,
1.542582,,Insert,189886491,0,A,870,148800,G,
1.544014,,Cancel,189886491,,,-870,,,
1.545821,,Cancel,189883111,,,-940,,,
1.545942,,Cancel,189883263,,,-1000,,,
1.545991,,Insert,189886979,0,B,3000,148500,G,
1.545994,,Cancel,189882663,,,-3000,,,
1.546016,,Insert,189886999,0,B,1000,148600,G,
1.546035,,Insert,189887007,0,B,2000,148600,G,
1.546035,,Cancel,189885255,,,-2000,,,
1.546046,,Insert,189887031,0,B,940,148600,G,
1.546052,,Insert,189887039,0,B,880,148600,G,
1.546136,,Cancel,189884555,,,-2000,,,
1.54615,,Cancel,189883719,,,-2000,,,
1.54615,,Insert,189887103,0,A,2000,183400,G,
1.546267,,Cancel,189882671,,,-1000,,,
1.546481,,Cancel,189882927,,,-940,,,
1.546539,,Cancel,189885903,,,-2000,,,
1.546539,,Insert,189887227,0,B,2000,114700,G,
1.546694,,Insert,189887271,0,B,940,148200,G,
1.5468,,Cancel,189887227,,,-2000,,,
1.5468,,Insert,189887327,0,B,2000,114600,G,
1.548203,,Cancel,189883051,,,-8000,,,
1.548293,,Insert,189887611,0,A,2000,149800,G,
1.548484,,Cancel,189887271,,,-940,,,
1.548523,,Cancel,189884883,,,-1000,,,
1.548526,,Cancel,189887327,,,-2000,,,
1.548526,,Insert,189887667,0,B,2000,114700,G,
1.548586,,Cancel,189887667,,,-2000,,,
1.548586,,Insert,189887691,0,B,2000,114600,G,
1.548588,,Insert,189887695,0,B,940,148200,G,
1.548652,,Cancel,189887691,,,-2000,,,
1.548652,,Insert,189887703,0,B,2000,114700,G,
1.548687,,Cancel,189887703,,,-2000,,,
1.549003,,Cancel,189887695,,,-940,,,
1.549034,,Insert,189887751,0,B,2000,148400,G,
1.549112,,Insert,189887775,0,B,2000,114700,G,
1.549142,,Insert,189887783,0,B,940,148200,G,
1.549142,,Cancel,189887751,,,-2000,,,
1.549273,,Cancel,189887775,,,-2000,,,
1.549273,,Insert,189887811,0,B,2000,114600,G,
1.552002,,Insert,189887939,0,A,8000,150000,G,
1.552029,,Insert,189887943,0,A,8000,148900,G,
1.552048,,Insert,189887947,0,A,8000,148800,G,
1.552072,,Cancel,189887943,,,-8000,,,
1.552073,,Cancel,189887939,,,-8000,,,
1.552083,,Insert,189887955,0,A,3000,148900,G,
1.55217,,Cancel,189887611,,,-2000,,,
1.557754,,Insert,189888303,0,A,1000,148900,G,
1.634406,,Insert,189890243,0,A,1000,149100,G,
1.634432,,Cancel,189833519,,,-1000,,,
1.637997,,Insert,189890407,0,B,1000,147100,G,
1.638024,,Insert,189890411,0,A,1000,193100,G,
1.650462,,Cancel,189887007,,,-2000,,,
1.652558,,Insert,189890775,0,B,2000,148300,G,
1.652717,,Cancel,189887955,,,-3000,,,
1.65273,,Cancel,189887947,,,-8000,,,
1.652938,,Insert,189890827,0,A,2000,149800,G,
1.706488,,Cancel,7041946,,,-10000,,,
1.706488,,Cancel,7041947,,,-10000,,,
1.706488,,Insert,7041948,1,A,10000,149400,G,
1.706488,,Insert,7041949,1,B,10000,148200,G,
1.727994,,Insert,189891751,0,A,1000,150300,G,
1.740416,,Insert,189891995,0,A,2000,149800,G,
1.756421,,Insert,189892167,0,B,2000,148400,G,
1.761568,,Insert,189892327,0,A,8000,148900,G,
1.761571,,Insert,189892331,0,A,8000,150000,G,
1.761572,,Insert,189892335,0,A,3000,148900,G,
1.76159,,Insert,189892343,0,B,8000,148600,G,
1.761618,,Insert,189892355,0,A,1000,148900,G,
1.76162,,Insert,189892359,0,A,8000,148800,G,
1.761644,,Cancel,189892327,,,-8000,,,
1.761644,,Cancel,189892331,,,-8000,,,
1.761807,,Cancel,189892167,,,-2000,,,
1.761807,,Cancel,189890827,,,-2000,,,
1.783014,,Cancel,189887031,,,-940,,,
1.783037,,Cancel,189882207,,,-1000,,,
1.783038,,Cancel,189872991,,,-1000,,,
1.783129,,Cancel,189887039,,,-880,,,
1.783155,,Insert,189892815,0,A,1000,178500,G,
1.78318,,Insert,189892819,0,B,1000,104300,G,
1.783462,,Insert,189892835,0,A,1000,148800,G,
1.783469,,Insert,189892839,0,A,1000,148800,G,
1.783524,,Cancel,189892839,,,-1000,,,
1.808748,,Insert,189893139,0,B,940,148600,G,
1.810051,,Cancel,189892835,,,-1000,,,
1.810065,,Insert,189893143,0,B,880,148600,G,
1.810095,,Insert,189893147,0,A,1000,148900,G,
1.823256,,Cancel,189862563,,,-1000,,,
1.833273,,Insert,189893387,0,B,1000,148100,G,
1.836204,,Cancel,189890243,,,-1000,,,
1.839934,,Cancel,189892335,,,-3000,,,
1.839958,,Cancel,189892359,,,-8000,,,
1.839984,,Cancel,189882447,,,-870,,,
1.840144,,Insert,189893467,0,A,2000,149800,G,
1.840237,,Insert,189893475,0,B,1000,148700,G,
1.840268,,Insert,189893479,0,A,1000,148900,G,
1.840269,,Cancel,189893475,,,-1000,,,
1.840295,,Insert,189893491,0,A,8000,148900,G,
1.840309,,Insert,189893495,0,B,1000,148600,G,
1.840316,,Cancel,189887811,,,-2000,,,
1.840316,,Insert,189893503,0,B,2000,114700,G,
1.840364,,Cancel,189893503,,,-2000,,,
1.840364,,Insert,189893511,0,B,2000,114600,G,
1.841143,,Insert,189893591,0,B,1000,148400,G,
1.842598,,Cancel,189893387,,,-1000,,,
1.842598,,Cancel,189893591,,,-1000,,,
1.845315,,Insert,189893751,0,B,1000,148100,G,
1.845555,,Cancel,189885059,,,-1000,,,
1.851371,,Insert,189893999,0,A,8000,148800,G,
1.851394,,Cancel,189893491,,,-8000,,,
1.851402,,Insert,189894003,0,A,3000,149000,G,
1.851826,,Cancel,189893467,,,-2000,,,
1.851831,,Cancel,189893495,,,-1000,,,
1.860127,,Insert,189894075,0,A,10,183800,G,
1.862988,,Insert,189894123,0,B,2000,147400,G,
1.897398,,Insert,189894655,0,A,1000,149400,G,
1.898831,,Cancel,189893999,,,-8000,,,
1.898942,,Insert,189894767,0,A,890,148900,G,
1.89895,,Insert,189894771,0,A,2000,149800,G,
1.898965,,Cancel,189893139,,,-940,,,
1.899092,,Insert,189894791,0,B,940,148600,G,
1.899108,,Insert,189894795,0,B,2000,148400,G,
1.899196,,Cancel,189887783,,,-940,,,
1.899216,,Cancel,189894767,,,-890,,,
1.899262,,Cancel,189893511,,,-2000,,,
1.899262,,Insert,189894843,0,B,2000,114700,G,
1.899361,,Cancel,189894843,,,-2000,,,
1.899361,,Insert,189894867,0,B,2000,114600,G,
1.899409,,Cancel,189894867,,,-2000,,,
1.899409,,Insert,189894871,0,B,2000,114700,G,
1.918524,,Cancel,189894871,,,-2000,,,
1.918524,,Insert,189895379,0,B,2000,114600,G,
1.918548,,Cancel,189892815,,,-1000,,,
1.918548,,Cancel,189892819,,,-1000,,,
1.926433,,Insert,5079531,1,B,16,150500,G,
1.929058,,Insert,189895519,0,B,940,148200,G,
1.929072,,Insert,189895523,0,B,1000,148600,G,
1.929082,,Insert,189895527,0,A,1000,178600,G,
1.929096,,Insert,189895531,0,B,1000,104400,G,
1.929098,,Cancel,189893479,,,-1000,,,
1.94123,,Insert,189895711,0,A,2000,149900,G,
1.946505,,Insert,189895995,0,B,1000,148400,G,
1.949398,,Cancel,189895523,,,-1000,,,
1.956103,,Cancel,189894795,,,-2000,,,
1.956107,,Cancel,189895995,,,-1000,,,
1.956136,,Insert,189896131,0,A,8000,148800,G,
1.956594,,Cancel,189894771,,,-2000,,,
1.96572,,Cancel,189893751,,,-1000,,,
1.967509,,Insert,189896291,0,B,2000,148400,G,
1.967785,,Cancel,189895519,,,-940,,,
1.968234,,Insert,189896315,0,B,940,148200,G,
1.968234,,Cancel,189896291,,,-2000,,,
1.968241,,Insert,189896319,0,B,1000,148600,G,
1.96831,,Insert,189896331,0,A,1000,148800,G,
1.968436,,Cancel,189896331,,,-1000,,,
1.969727,,Cancel,189886979,,,-3000,,,
1.96973,,Insert,189896351,0,B,3000,148600,G,
1.96973,,Insert,189896355,0,B,2000,148400,G,
1.969734,,Cancel,189896131,,,-8000,,,
1.969949,,Cancel,189896315,,,-940,,,
1.969958,,Insert,189896359,0,A,2000,149800,G,
1.970078,,Cancel,189895379,,,-2000,,,
1.970078,,Insert,189896379,0,B,2000,114700,G,
1.970324,,Cancel,189890407,,,-1000,,,
1.970383,,Insert,189896415,0,B,1000,147200,G,
1.97095,,Insert,189896431,0,A,890,148900,G,
1.971183,,Insert,189896455,0,A,8000,148900,G,
1.971202,,Cancel,189896355,,,-2000,,,
1.971301,,Insert,189896463,0,B,940,148200,G,
1.971397,,Cancel,189896379,,,-2000,,,
1.971397,,Insert,189896475,0,B,2000,114600,G,
1.974351,,Cancel,189896431,,,-890,,,
1.974435,,Cancel,189896455,,,-8000,,,
1.974596,,Insert,189896579,0,A,900,148900,G,
1.97468,,Cancel,189896351,,,-3000,,,
1.97476,,Cancel,189896463,,,-940,,,
1.974856,,Cancel,189896475,,,-2000,,,
1.974856,,Insert,189896615,0,B,2000,114700,G,
1.974864,,Insert,189896619,0,B,940,148200,G,
1.97497,,Cancel,189896615,,,-2000,,,
1.97497,,Insert,189896635,0,B,2000,114600,G,
1.975648,,Insert,189896687,0,A,8000,148900,G,
1.976374,,Insert,189896727,0,A,8000,150000,G,
1.976384,,Cancel,189893143,,,-880,,,
1.976482,,Cancel,189896415,,,-1000,,,
1.976515,,Insert,189896751,0,A,8000,148800,G,
1.976539,,Cancel,189896687,,,-8000,,,
1.976548,,Cancel,189896727,,,-8000,,,
1.976615,,Cancel,189896359,,,-2000,,,
1.976988,,Cancel,189896319,,,-1000,,,
1.980053,,Insert,189896823,0,B,1000,148600,G,
1.980191,,Cancel,189896823,,,-1000,,,
1.984965,,Cancel,189894791,,,-940,,,
1.985183,,Insert,189897171,0,A,940,148800,G,
1.985223,,Cancel,189891751,,,-1000,,,
1.98523,,Cancel,189887103,,,-2000,,,
1.98523,,Insert,189897183,0,A,2000,183300,G,
1.985283,,Insert,189897219,0,A,900,148800,G,
1.985365,,Cancel,189890775,,,-2000,,,
1.985365,,Insert,189897267,0,B,2000,147300,G,
1.985377,,Insert,189897275,0,A,2000,148900,G,
1.985391,,Cancel,189895711,,,-2000,,,
1.985406,,Cancel,189886999,,,-1000,,,
1.985449,,Cancel,189888303,,,-1000,,,
1.985449,,Cancel,189892355,,,-1000,,,
1.985449,,Cancel,189893147,,,-1000,,,
1.985459,,Cancel,189892343,,,-8000,,,
1.985489,,Insert,189897339,0,A,1000,148800,G,
1.985574,,Insert,189897387,0,B,2000,147600,G,
1.985578,,Insert,189897395,0,A,8000,148700,G,
1.985617,,Insert,189897407,0,A,3000,148900,G,
1.985628,,Cancel,189894003,,,-3000,,,
1.985635,,Insert,189897411,0,A,1000,149100,G,
1.985684,,Cancel,189886023,,,-2000,,,
1.985791,,Insert,189897487,0,A,1000,149400,G,
1.985942,,Cancel,189896635,,,-2000,,,
1.985942,,Insert,189897535,0,B,2000,114500,G,
1.986303,,Cancel,189837767,,,-860,,,
1.986312,,Cancel,189885991,,,-8000,,,
1.986352,,Cancel,189884531,,,-1000,,,
1.986399,,Cancel,189872551,,,-2000,,,
1.986399,,Insert,189897703,0,B,2000,147200,G,
1.986839,,Insert,189897851,0,B,900,148500,G,
1.990624,,Cancel,189844475,,,-2000,,,
1.992369,,Cancel,189897851,,,-900,,,
1.992418,,Insert,189899123,0,A,1000,150200,G,
1.994164,,Cancel,189837831,,,-940,,,
1.99454,,Cancel,189845471,,,-940,,,
1.994555,,Insert,189899387,0,A,2000,149000,G,
1.994602,,Cancel,189897183,,,-2000,,,
1.994602,,Insert,189899395,0,A,2000,183200,G,
1.99471,,Cancel,189884311,,,-1000,,,
1.994756,,Insert,189899463,0,A,1000,148700,G,
1.99478,,Cancel,189899387,,,-2000,,,
1.994792,,Insert,189899487,0,A,1000,148700,G,
1.994836,,Insert,189899499,0,A,1000,148700,G,
1.994878,,Cancel,189899395,,,-2000,,,
1.994878,,Insert,189899511,0,A,2000,183300,G,
1.994913,,Insert,189899539,0,B,940,148500,G,
1.995036,,Cancel,189899487,,,-1000,,,
1.995822,,Cancel,189899463,,,-1000,,,
1.995893,,Cancel,189899499,,,-1000,,,
1.997274,,Insert,189900339,0,B,900,148500,G,
1.997386,,Cancel,189897395,,,-8000,,,
1.997563,,Insert,189900407,0,A,2000,149700,G,
2.000516,,Cancel,7041948,,,-10000,,,
2.000516,,Cancel,7041949,,,-10000,,,
2.000516,,Insert,7041950,1,A,10000,149200,G,
2.000516,,Insert,7041951,1,B,10000,148000,G,
2.00123,,Insert,189900619,0,A,8000,148800,G,
2.001231,,Insert,189900623,0,A,8000,150000,G,
2.001429,,Insert,189900667,0,A,8000,148700,G,
2.001452,,Cancel,189900619,,,-8000,,,
2.001454,,Cancel,189900623,,,-8000,,,
2.00146,,Insert,189900671,0,A,3000,148800,G,
2.001472,,Cancel,189897407,,,-3000,,,
2.002178,,Cancel,189900407,,,-2000,,,
2.008825,,Cancel,189900667,,,-8000,,,
2.008869,,Insert,189901215,0,B,1000,147000,G,
2.009123,,Insert,189901223,0,A,2000,149700,G,
2.009263,,Insert,189901231,0,A,8000,148800,G,
2.009263,,Insert,189901235,0,A,8000,150000,G,
2.009281,,Insert,189901251,0,A,8000,148700,G,
2.009303,,Cancel,189901231,,,-8000,,,
2.009304,,Cancel,189901235,,,-8000,,,
2.009503,,Cancel,189901223,,,-2000,,,
2.009574,,Cancel,189900339,,,-900,,,
2.009578,,Cancel,189899539,,,-940,,,
2.010036,,Insert,189901339,0,A,1000,148700,G,
2.010729,,Insert,189901399,0,B,940,148500,G,
2.016,TraderOne,Cancel,7,,,-10,,,
2.016,TraderOne,Cancel,8,,,-10,,,
2.016,TraderOne,Insert,9,1,B,10,148200,G,
2.016,TraderOne,Insert,10,1,A,10,149100,G,
2.018874,,Cancel,189901399,,,-940,,,
2.020825,,Insert,189902051,0,B,940,148500,G,
2.030607,,Insert,189902463,0,B,1000,147900,G,
2.031485,,Cancel,189901339,,,-1000,,,
2.039154,,Insert,5079532,1,B,10,149400,G,
2.043213,,Insert,189902859,0,B,1000,148500,G,
2.070482,,Insert,5079533,1,A,63,150900,G,
2.204,TraderOne,Cancel,10,,,-10,,,
2.204,TraderOne,Insert,11,1,A,10,149000,G,
2.284006,,Insert,189909203,0,B,900,148500,G,
2.284033,,Cancel,189890411,,,-1000,,,
2.296687,,Cancel,7041950,,,-10000,,,
2.296687,,Cancel,7041951,,,-10000,,,
2.296687,,Insert,7041952,1,A,10000,149200,G,
2.296687,,Insert,7041953,1,B,10000,148000,G,
2.328418,,Cancel,189909203,,,-900,,,
2.328442,,Cancel,189895527,,,-1000,,,
2.328442,,Cancel,189895531,,,-1000,,,
2.328467,,Insert,189909847,0,A,1000,193000,G,
2.328714,,Insert,189909871,0,B,890,148500,G,
2.328738,,Insert,189909875,0,A,1000,178400,G,
2.328764,,Insert,189909883,0,B,1000,104200,G,
2.36524,,Insert,189910683,0,B,8000,148500,G,
2.365271,,Insert,189910691,0,A,1000,148800,G,
2.373391,,Cancel,189909871,,,-890,,,
2.373393,,Cancel,189910683,,,-8000,,,
2.390517,,Cancel,189902051,,,-940,,,
2.405734,,Insert,189911743,0,A,60,148700,G,
2.405737,,Insert,189911755,0,B,940,148100,G,
2.40574,,Insert,189911763,0,A,2000,149000,G,
2.405747,,Insert,189911767,0,A,1000,148700,G,
2.405747,,Insert,189911771,0,B,1000,148500,G,
2.405782,,Insert,189911799,0,A,1000,148700,G,
2.405815,,Cancel,189911799,,,-1000,,,
2.405832,,Insert,189911827,0,A,1000,148700,G,
2.405835,,Insert,189911835,0,A,940,148700,G,
2.405864,,Insert,189911855,0,A,1000,148700,G,
2.406002,,Cancel,189899511,,,-2000,,,
2.406002,,Insert,189911915,0,A,2000,183200,G,
2.406242,,Cancel,189837619,,,-1000,,,
2.406289,,Cancel,189836319,,,-1000,,,
2.40661,,Insert,189912055,0,A,890,148700,G,
2.407097,,Cancel,189911743,,,-60,,,
2.407373,,Cancel,189911835,,,-940,,,
2.407404,,Cancel,189869399,,,-1000,,,
2.408451,,Insert,189912223,0,A,1000,153600,G,
2.414121,,Cancel,189912055,,,-890,,,
2.414333,,Insert,189912571,0,A,890,148700,G,
2.41436,,Cancel,189911771,,,-1000,,,
2.414428,,Cancel,189902859,,,-1000,,,
2.414444,,Cancel,189897339,,,-1000,,,
2.414444,,Cancel,189910691,,,-1000,,,
2.414456,,Insert,189912587,0,A,940,148700,G,
2.414476,,Insert,189912603,0,A,1000,148700,G,
2.414566,,Insert,189912655,0,B,1000,148400,G,
2.414624,,Insert,189912679,0,B,2000,147500,G,
2.414897,,Insert,189912739,0,B,1000,148400,G,
2.414926,,Insert,189912751,0,B,1000,148400,G,
2.415066,,Cancel,189911827,,,-1000,,,
2.415564,,Cancel,189897535,,,-2000,,,
2.415564,,Insert,189912827,0,B,2000,114400,G,
2.415631,,Cancel,189912587,,,-940,,,
2.415754,,Cancel,189912827,,,-2000,,,
2.415754,,Insert,189912863,0,B,2000,114500,G,
2.41664,,Cancel,189912571,,,-890,,,
2.417098,,Cancel,189911767,,,-1000,,,
2.417651,,Insert,189912983,0,B,1000,148500,G,
2.417677,,Cancel,189912679,,,-2000,,,
2.417687,,Insert,189912987,0,B,3000,148400,G,
2.418108,,Cancel,189911763,,,-2000,,,
2.419586,,Cancel,189911915,,,-2000,,,
2.419586,,Insert,189913043,0,A,2000,183300,G,
2.41964,,Cancel,189911855,,,-1000,,,
2.422645,,Insert,189913127,0,A,2000,148800,G,
2.422646,,Cancel,189912987,,,-3000,,,
2.422671,,Cancel,189891995,,,-2000,,,
2.430306,,Cancel,189912739,,,-1000,,,
2.43977,,Insert,189913919,0,B,1000,148500,G,
2.445098,,Insert,189914027,0,B,940,148500,G,
2.445121,,Cancel,189872887,,,-1000,,,
2.512741,,Insert,189915431,0,B,890,148500,G,
2.51277,,Insert,189915435,0,B,1000,118800,G,
2.51303,,Cancel,189915431,,,-890,,,
2.532501,,Cancel,189914027,,,-940,,,
2.532669,,Cancel,189913919,,,-1000,,,
2.532701,,Cancel,189913043,,,-2000,,,
2.532701,,Insert,189916007,0,A,2000,183200,G,
2.535465,,Cancel,189916007,,,-2000,,,
2.535465,,Insert,189916095,0,A,2000,183300,G,
2.547137,,Insert,189916535,0,A,890,148700,G,
2.547577,,Cancel,189916535,,,-890,,,
2.557804,,Insert,189916875,0,B,890,148500,G,
2.558298,,Insert,189916931,0,B,940,148500,G,
2.565463,,Cancel,189897219,,,-900,,,
2.565468,,Cancel,189897171,,,-940,,,
2.565486,,Cancel,189900671,,,-3000,,,
2.56558,,Insert,189917179,0,A,940,148800,G,
2.565606,,Insert,189917187,0,B,2000,148300,G,
2.565743,,Insert,189917251,0,B,1000,148500,G,
2.565799,,Cancel,189917179,,,-940,,,
2.5658,,Cancel,189911755,,,-940,,,
2.56591,,Cancel,189912863,,,-2000,,,
2.56591,,Insert,189917359,0,B,2000,114600,G,
2.56591,,Insert,189917363,0,A,940,148800,G,
2.565916,,Cancel,189912603,,,-1000,,,
2.565916,,Cancel,189913127,,,-2000,,,
2.565937,,Cancel,189901251,,,-8000,,,
2.565941,,Insert,189917407,0,B,8000,148500,G,
2.565966,,Insert,189917431,0,A,1000,148900,G,
2.565971,,Insert,189917439,0,A,890,148800,G,
2.565986,,Insert,189917463,0,B,1000,148200,G,
2.566019,,Insert,189917479,0,B,1000,148600,G,
2.566082,,Insert,189917539,0,B,3000,148400,G,
2.566154,,Cancel,189917363,,,-940,,,
2.566159,,Insert,189917663,0,B,2000,148200,G,
2.566167,,Cancel,189897387,,,-2000,,,
2.566167,,Insert,189917679,0,A,2000,149700,G,
2.566171,,Cancel,189917479,,,-1000,,,
2.56619,,Cancel,189897703,,,-2000,,,
2.566243,,Cancel,189901215,,,-1000,,,
2.566323,,Cancel,189917359,,,-2000,,,
2.566323,,Insert,189917899,0,B,2000,114500,G,
2.56633,,Insert,189917911,0,B,2000,147600,G,
2.566342,,Insert,189917919,0,A,940,148800,G,
2.566368,,Insert,189917947,0,B,2000,148600,G,
2.566384,,Cancel,189917899,,,-2000,,,
2.566384,,Insert,189917971,0,B,2000,114600,G,
2.566436,,Insert,189918003,0,B,1000,148600,G,
2.566442,,Cancel,189917919,,,-940,,,
2.566535,,Insert,189918119,0,A,940,148800,G,
2.566606,,Insert,189918163,0,A,1000,148800,G,
2.566641,,Cancel,189917911,,,-2000,,,
2.566641,,Insert,189918191,0,A,940,149400,G,
2.566707,,Insert,189918219,0,A,1000,148800,G,
2.566791,,Cancel,189916095,,,-2000,,,
2.566791,,Insert,189918279,0,A,2000,183400,G,
2.566902,,Insert,189918375,0,B,8000,148600,G,
2.566907,,Insert,189918379,0,A,1000,148800,G,
2.566919,,Cancel,189918279,,,-2000,,,
2.566919,,Insert,189918387,0,A,2000,183300,G,
2.566947,,Cancel,189918119,,,-940,,,
2.567076,,Cancel,189899123,,,-1000,,,
2.567384,,Cancel,189917431,,,-1000,,,
2.567442,,Cancel,189917947,,,-2000,,,
2.56747,,Insert,189918515,0,A,940,148800,G,
2.567793,,Insert,189918651,0,B,1000,148100,G,
2.567871,,Cancel,189918515,,,-940,,,
2.567959,,Cancel,189917439,,,-890,,,
2.569363,,Cancel,189918379,,,-1000,,,
2.570068,,Insert,189918935,0,B,940,148600,G,
2.570702,,Cancel,189918163,,,-1000,,,
2.570887,,Cancel,189918387,,,-2000,,,
2.570887,,Insert,189919063,0,A,2000,183400,G,
2.570967,,Cancel,189918219,,,-1000,,,
2.57165,,Insert,189919175,0,B,1000,148400,G,
2.572775,,Insert,189919299,0,B,1000,148600,G,
2.573064,,Cancel,189896619,,,-940,,,
2.573176,,Insert,189919479,0,B,940,148200,G,
2.573274,,Cancel,189917971,,,-2000,,,
2.573274,,Insert,189919515,0,B,2000,114700,G,
2.573332,,Cancel,189919515,,,-2000,,,
2.573332,,Insert,189919523,0,B,2000,114600,G,
2.57457,,Cancel,189897275,,,-2000,,,
2.575715,,Cancel,189917251,,,-1000,,,
2.579041,,Cancel,189912223,,,-1000,,,
2.580143,,Insert,189920139,0,A,1000,153800,G,
2.58048,,Cancel,189897411,,,-1000,,,
2.580853,,Insert,189920179,0,B,890,148600,G,
2.580856,,Cancel,189896751,,,-8000,,,
2.580965,,Insert,189920207,0,A,2000,149800,G,
2.58116,,Insert,189920279,0,A,8000,150000,G,
2.581469,,Insert,189920335,0,A,8000,148900,G,
2.58148,,Cancel,189920179,,,-890,,,
2.581533,,Insert,189920347,0,A,8000,148800,G,
2.581558,,Cancel,189920279,,,-8000,,,
2.581559,,Cancel,189920335,,,-8000,,,
2.581565,,Insert,189920355,0,A,3000,148900,G,
2.581566,,Cancel,189920207,,,-2000,,,
2.582684,,Insert,189920463,0,A,3000,148900,G,
2.584079,,Cancel,189897487,,,-1000,,,
2.584101,,Insert,189920583,0,B,900,148600,G,
2.584132,,Cancel,189920347,,,-8000,,,
2.584165,,Insert,189920599,0,A,2000,149800,G,
2.584487,,Insert,189920639,0,A,8000,148800,G,
2.584655,,Cancel,189920583,,,-900,,,
2.584682,,Cancel,189920599,,,-2000,,,
2.585229,,Cancel,189919299,,,-1000,,,
2.585331,,Cancel,189920463,,,-3000,,,
2.585347,,Cancel,189918375,,,-8000,,,
2.585372,,Cancel,189919063,,,-2000,,,
2.585372,,Insert,189920771,0,A,2000,183300,G,
2.585557,,Cancel,189920771,,,-2000,,,
2.585557,,Insert,189920807,0,A,2000,183400,G,
2.585617,,Insert,189920827,0,A,1000,148800,G,
2.588945,,Insert,189921043,0,A,1000,150200,G,
2.588978,,Cancel,189920827,,,-1000,,,
2.589613,,Cancel,189921043,,,-1000,,,
2.589617,,Insert,189921055,0,B,8000,148600,G,
2.597085,,Cancel,189918935,,,-940,,,
2.60268,,Cancel,7041952,,,-10000,,,
2.60268,,Cancel,7041953,,,-10000,,,
2.60268,,Insert,7041954,1,A,10000,149300,G,
2.60268,,Insert,7041955,1,B,10000,148100,G,
2.604251,,Insert,189921647,0,A,2000,148900,G,
2.604275,,Cancel,189909847,,,-1000,,,
2.604467,,Cancel,189921647,,,-2000,,,
2.60449,,Cancel,189921055,,,-8000,,,
2.604497,,Insert,189921659,0,A,1000,193100,G,
2.604577,,Insert,189921667,0,A,940,148800,G,
2.604628,,Insert,189921671,0,A,900,148800,G,
2.604628,,Insert,189921675,0,A,1000,148800,G,
2.604726,,Cancel,189920807,,,-2000,,,
2.604726,,Insert,189921679,0,A,2000,183300,G,
2.61686,,Cancel,189921667,,,-940,,,
2.616866,,Insert,189921927,0,A,1000,148800,G,
2.618946,,Insert,189921947,0,A,940,148800,G,
2.618968,,Cancel,189909883,,,-1000,,,
2.624606,,Cancel,189918003,,,-1000,,,
2.624661,,Insert,189922091,0,B,2000,147600,G,
2.625,,Insert,189922111,0,A,1000,149400,G,
2.625134,,Insert,189922123,0,B,940,148100,G,
2.625279,,Cancel,189919523,,,-2000,,,
2.625279,,Insert,189922131,0,B,2000,114500,G,
2.628857,,Insert,189922315,0,A,1000,149100,G,
2.629357,,Cancel,189922315,,,-1000,,,
2.629548,,Cancel,189922111,,,-1000,,,
2.630941,,Insert,189922831,0,A,2000,148800,G,
2.631036,,Cancel,189922123,,,-940,,,
2.631177,,Cancel,189922131,,,-2000,,,
2.631177,,Insert,189922859,0,B,2000,114600,G,
2.63131,,Insert,189922879,0,B,1000,148600,G,
2.631343,,Insert,189922887,0,A,1000,148800,G,
2.631353,,Insert,189922895,0,A,1000,148800,G,
2.631504,,Cancel,189921679,,,-2000,,,
2.631504,,Insert,189922915,0,A,2000,183400,G,
2.631543,,Cancel,189922091,,,-2000,,,
2.632274,,Cancel,189922879,,,-1000,,,
2.632342,,Insert,189922963,0,B,2000,147600,G,
2.632536,,Cancel,189922915,,,-2000,,,
